timestamp,user_id,session_id,conversation_id,event_type,document_hash,document_name,sources_cited,response_length,feedback
2026-01-19T09:03:25,usr_024,ses_a56c0941,,session_start,,,,,
2026-01-19T09:03:28,usr_024,ses_a56c0941,conv_23e2fcb4,conversation_created,,,,,
2026-01-19T09:03:36,usr_024,ses_a56c0941,conv_23e2fcb4,document_uploaded,0bde5e6f6d74,Deed of Variation - Liverpool Docks.pdf,,,
2026-01-19T09:03:40,usr_024,ses_a56c0941,conv_23e2fcb4,prompt_submitted,,,,,
2026-01-19T09:04:00,usr_024,ses_a56c0941,conv_23e2fcb4,response_received,,,0,1535,
2026-01-19T09:04:22,usr_024,ses_a56c0941,conv_23e2fcb4,prompt_submitted,,,,,
2026-01-19T09:04:32,usr_024,ses_a56c0941,conv_23e2fcb4,response_received,,,5,1185,
2026-01-19T09:04:43,usr_024,ses_a56c0941,conv_23e2fcb4,prompt_submitted,,,,,
2026-01-19T09:04:51,usr_024,ses_a56c0941,conv_23e2fcb4,response_received,,,5,743,
2026-01-19T09:24:25,usr_024,ses_a56c0941,,session_end,,,,,
2026-01-19T10:02:19,usr_020,ses_6e068097,,session_start,,,,,
2026-01-19T10:02:22,usr_020,ses_6e068097,conv_aabc25fa,conversation_created,,,,,
2026-01-19T10:02:25,usr_020,ses_6e068097,conv_aabc25fa,document_uploaded,0bde5e6f6d74,Deed of Variation - Liverpool Docks.pdf,,,
2026-01-19T10:02:34,usr_020,ses_6e068097,conv_2790cebd,conversation_created,,,,,
2026-01-19T10:02:39,usr_020,ses_6e068097,conv_aabc25fa,prompt_submitted,,,,,
2026-01-19T10:02:55,usr_020,ses_6e068097,conv_aabc25fa,response_received,,,0,1708,
2026-01-19T10:03:10,usr_020,ses_6e068097,conv_2790cebd,prompt_submitted,,,,,
2026-01-19T10:03:20,usr_020,ses_6e068097,conv_2790cebd,response_received,,,2,983,
2026-01-19T10:03:26,usr_020,ses_6e068097,conv_aabc25fa,prompt_submitted,,,,,
2026-01-19T10:03:35,usr_020,ses_6e068097,conv_aabc25fa,response_received,,,5,916,
2026-01-19T10:19:19,usr_020,ses_6e068097,,session_end,,,,,
2026-01-19T10:26:41,usr_044,ses_edd97a1a,,session_start,,,,,
2026-01-19T10:26:45,usr_044,ses_edd97a1a,conv_f6c31218,conversation_created,,,,,
2026-01-19T10:26:51,usr_044,ses_edd97a1a,conv_f6c31218,document_uploaded,6be209e6b639,Side Letter - Break Option Waiver.pdf,,,
2026-01-19T10:26:54,usr_044,ses_edd97a1a,conv_f6c31218,prompt_submitted,,,,,
2026-01-19T10:27:04,usr_044,ses_edd97a1a,conv_f6c31218,response_received,,,1,558,
2026-01-19T10:27:22,usr_044,ses_edd97a1a,conv_f6c31218,prompt_submitted,,,,,
2026-01-19T10:27:26,usr_044,ses_edd97a1a,conv_f6c31218,response_received,,,4,1813,
2026-01-19T10:28:00,usr_044,ses_edd97a1a,conv_f6c31218,feedback_given,,,,,thumbs_up
2026-01-19T10:28:02,usr_044,ses_edd97a1a,conv_f6c31218,prompt_submitted,,,,,
2026-01-19T10:28:14,usr_044,ses_edd97a1a,conv_f6c31218,response_received,,,1,886,
2026-01-19T10:58:51,usr_028,ses_b7893986,,session_start,,,,,
2026-01-19T10:58:54,usr_028,ses_b7893986,conv_b466fab6,conversation_created,,,,,
2026-01-19T10:58:58,usr_028,ses_b7893986,conv_b466fab6,prompt_submitted,,,,,
2026-01-19T10:59:03,usr_028,ses_b7893986,conv_b466fab6,response_received,,,5,1400,
2026-01-19T10:59:21,usr_028,ses_b7893986,conv_b466fab6,feedback_given,,,,,thumbs_up
2026-01-19T10:59:29,usr_028,ses_b7893986,conv_b466fab6,prompt_submitted,,,,,
2026-01-19T10:59:42,usr_028,ses_b7893986,conv_b466fab6,response_received,,,4,657,
2026-01-19T11:10:41,usr_044,ses_edd97a1a,,session_end,,,,,
2026-01-19T11:12:51,usr_028,ses_b7893986,,session_end,,,,,
2026-01-19T11:40:13,usr_046,ses_19675f06,,session_start,,,,,
2026-01-19T11:40:16,usr_046,ses_19675f06,conv_1337739e,conversation_created,,,,,
2026-01-19T11:40:20,usr_046,ses_19675f06,conv_1337739e,document_uploaded,569f46648643,Property Certificate - Leeds Civic Quarter.pdf,,,
2026-01-19T11:40:34,usr_046,ses_19675f06,conv_1337739e,prompt_submitted,,,,,
2026-01-19T11:40:46,usr_046,ses_19675f06,conv_1337739e,response_received,,,0,790,
2026-01-19T11:41:20,usr_046,ses_19675f06,conv_1337739e,feedback_given,,,,,thumbs_down
2026-01-19T11:41:25,usr_046,ses_19675f06,conv_1337739e,prompt_submitted,,,,,
2026-01-19T11:41:34,usr_046,ses_19675f06,conv_1337739e,response_received,,,3,1526,
2026-01-19T11:41:43,usr_046,ses_19675f06,conv_1337739e,prompt_submitted,,,,,
2026-01-19T11:41:48,usr_046,ses_19675f06,conv_1337739e,response_received,,,0,1823,
2026-01-19T11:42:02,usr_046,ses_19675f06,conv_1337739e,prompt_submitted,,,,,
2026-01-19T11:42:19,usr_046,ses_19675f06,conv_1337739e,response_received,,,4,1633,
2026-01-19T11:42:36,usr_046,ses_19675f06,conv_1337739e,prompt_submitted,,,,,
2026-01-19T11:42:53,usr_046,ses_19675f06,conv_1337739e,response_received,,,0,281,
2026-01-19T12:21:13,usr_046,ses_19675f06,,session_end,,,,,
2026-01-19T12:21:19,usr_019,ses_725d4259,,session_start,,,,,
2026-01-19T12:21:24,usr_019,ses_725d4259,conv_b1594847,conversation_created,,,,,
2026-01-19T12:21:29,usr_019,ses_725d4259,conv_b1594847,document_uploaded,0184909dd244,Title Report - Lot 7 Victoria Park.pdf,,,
2026-01-19T12:21:39,usr_019,ses_725d4259,conv_b1594847,prompt_submitted,,,,,
2026-01-19T12:21:47,usr_019,ses_725d4259,conv_b1594847,response_received,,,3,1640,
2026-01-19T12:22:16,usr_019,ses_725d4259,conv_b1594847,prompt_submitted,,,,,
2026-01-19T12:22:28,usr_019,ses_725d4259,conv_b1594847,response_received,,,1,648,
2026-01-19T12:53:19,usr_019,ses_725d4259,,session_end,,,,,
2026-01-19T14:27:43,usr_030,ses_d8e88ebb,,session_start,,,,,
2026-01-19T14:27:44,usr_030,ses_d8e88ebb,conv_14aeaf5c,conversation_created,,,,,
2026-01-19T14:27:51,usr_030,ses_d8e88ebb,conv_9fd34579,conversation_created,,,,,
2026-01-19T14:28:01,usr_030,ses_d8e88ebb,conv_9fd34579,prompt_submitted,,,,,
2026-01-19T14:28:20,usr_030,ses_d8e88ebb,conv_9fd34579,response_received,,,5,403,
2026-01-19T14:28:50,usr_030,ses_d8e88ebb,conv_14aeaf5c,prompt_submitted,,,,,
2026-01-19T14:29:06,usr_030,ses_d8e88ebb,conv_14aeaf5c,response_received,,,3,1047,
2026-01-19T14:29:21,usr_030,ses_d8e88ebb,conv_9fd34579,prompt_submitted,,,,,
2026-01-19T14:29:37,usr_030,ses_d8e88ebb,conv_9fd34579,response_received,,,4,1074,
2026-01-19T14:29:52,usr_030,ses_d8e88ebb,conv_9fd34579,prompt_submitted,,,,,
2026-01-19T14:29:59,usr_030,ses_d8e88ebb,conv_9fd34579,response_received,,,5,337,
2026-01-19T14:35:43,usr_030,ses_d8e88ebb,,session_end,,,,,
2026-01-19T18:24:23,usr_013,ses_0b251279,,session_start,,,,,
2026-01-19T18:24:26,usr_013,ses_0b251279,conv_5844f9fc,conversation_created,,,,,
2026-01-19T18:24:31,usr_013,ses_0b251279,conv_5844f9fc,prompt_submitted,,,,,
2026-01-19T18:24:44,usr_013,ses_0b251279,conv_5844f9fc,response_received,,,0,921,
2026-01-19T18:25:06,usr_013,ses_0b251279,conv_5844f9fc,prompt_submitted,,,,,
2026-01-19T18:25:23,usr_013,ses_0b251279,conv_5844f9fc,response_received,,,4,1493,
2026-01-19T18:31:23,usr_013,ses_0b251279,,session_end,,,,,
2026-01-20T10:05:45,usr_048,ses_53ea4919,,session_start,,,,,
2026-01-20T10:05:47,usr_048,ses_53ea4919,conv_ad5be3c8,conversation_created,,,,,
2026-01-20T10:05:53,usr_048,ses_53ea4919,conv_ad5be3c8,document_uploaded,4570b5f5979e,Environmental Phase I - Manchester Arndale.pdf,,,
2026-01-20T10:05:56,usr_048,ses_53ea4919,conv_ad5be3c8,prompt_submitted,,,,,
2026-01-20T10:06:13,usr_048,ses_53ea4919,conv_ad5be3c8,response_received,,,3,711,
2026-01-20T10:06:21,usr_048,ses_53ea4919,conv_ad5be3c8,prompt_submitted,,,,,
2026-01-20T10:06:27,usr_048,ses_53ea4919,conv_ad5be3c8,response_received,,,0,1900,
2026-01-20T10:06:56,usr_048,ses_53ea4919,conv_ad5be3c8,prompt_submitted,,,,,
2026-01-20T10:07:05,usr_048,ses_53ea4919,conv_ad5be3c8,response_received,,,2,1605,
2026-01-20T10:13:45,usr_048,ses_53ea4919,,session_end,,,,,
2026-01-20T13:17:52,usr_050,ses_6a8fcacb,,session_start,,,,,
2026-01-20T13:17:53,usr_050,ses_6a8fcacb,conv_ac5f12ef,conversation_created,,,,,
2026-01-20T13:17:55,usr_050,ses_6a8fcacb,conv_ac5f12ef,document_uploaded,46ff1fa298cf,Schedule of Condition - Birmingham New St.pdf,,,
2026-01-20T13:18:06,usr_050,ses_6a8fcacb,conv_ac5f12ef,prompt_submitted,,,,,
2026-01-20T13:18:21,usr_050,ses_6a8fcacb,conv_ac5f12ef,response_received,,,0,1152,
2026-01-20T13:18:35,usr_050,ses_6a8fcacb,conv_ac5f12ef,prompt_submitted,,,,,
2026-01-20T13:18:48,usr_050,ses_6a8fcacb,conv_ac5f12ef,response_received,,,5,216,
2026-01-20T13:19:18,usr_050,ses_6a8fcacb,conv_ac5f12ef,feedback_given,,,,,thumbs_up
2026-01-20T13:19:23,usr_050,ses_6a8fcacb,conv_ac5f12ef,prompt_submitted,,,,,
2026-01-20T13:19:37,usr_050,ses_6a8fcacb,conv_ac5f12ef,response_received,,,5,1782,
2026-01-20T13:20:35,usr_050,ses_6a8fcacb,conv_ac5f12ef,feedback_given,,,,,thumbs_down
2026-01-20T13:20:40,usr_050,ses_6a8fcacb,conv_ac5f12ef,prompt_submitted,,,,,
2026-01-20T13:20:43,usr_050,ses_6a8fcacb,conv_ac5f12ef,response_received,,,2,677,
2026-01-20T13:21:10,usr_050,ses_6a8fcacb,conv_ac5f12ef,feedback_given,,,,,thumbs_down
2026-01-20T13:22:15,usr_050,ses_6a8fcacb,,session_end,,,,,
2026-01-20T15:03:40,usr_023,ses_8d7dd772,,session_start,,,,,
2026-01-20T15:03:41,usr_023,ses_8d7dd772,conv_6f14b3f6,conversation_created,,,,,
2026-01-20T15:03:48,usr_023,ses_8d7dd772,conv_6f14b3f6,prompt_submitted,,,,,
2026-01-20T15:04:07,usr_023,ses_8d7dd772,conv_6f14b3f6,response_received,,,2,632,
2026-01-20T15:04:34,usr_023,ses_8d7dd772,conv_6f14b3f6,prompt_submitted,,,,,
2026-01-20T15:04:45,usr_023,ses_8d7dd772,conv_6f14b3f6,response_received,,,0,352,
2026-01-20T15:40:40,usr_023,ses_8d7dd772,,session_end,,,,,
2026-01-20T17:51:07,usr_005,ses_af2b99b4,,session_start,,,,,
2026-01-20T17:51:12,usr_005,ses_af2b99b4,conv_11a72609,conversation_created,,,,,
2026-01-20T17:51:22,usr_005,ses_af2b99b4,conv_11a72609,prompt_submitted,,,,,
2026-01-20T17:51:38,usr_005,ses_af2b99b4,conv_11a72609,response_received,,,2,1087,
2026-01-20T17:51:54,usr_005,ses_af2b99b4,conv_11a72609,prompt_submitted,,,,,
2026-01-20T17:52:01,usr_005,ses_af2b99b4,conv_11a72609,response_received,,,4,1461,
2026-01-20T17:52:31,usr_005,ses_af2b99b4,conv_11a72609,prompt_submitted,,,,,
2026-01-20T17:52:48,usr_005,ses_af2b99b4,conv_11a72609,response_received,,,4,860,
2026-01-20T17:59:07,usr_005,ses_af2b99b4,,session_end,,,,,
2026-01-20T18:40:38,usr_038,ses_4b6797a1,,session_start,,,,,
2026-01-20T18:40:42,usr_038,ses_4b6797a1,conv_2bbba89d,conversation_created,,,,,
2026-01-20T18:40:48,usr_038,ses_4b6797a1,conv_2bbba89d,prompt_submitted,,,,,
2026-01-20T18:40:54,usr_038,ses_4b6797a1,conv_2bbba89d,response_received,,,5,1164,
2026-01-20T18:41:14,usr_038,ses_4b6797a1,conv_2bbba89d,prompt_submitted,,,,,
2026-01-20T18:41:19,usr_038,ses_4b6797a1,conv_2bbba89d,response_received,,,5,578,
2026-01-20T19:06:38,usr_038,ses_4b6797a1,,session_end,,,,,
2026-01-21T08:26:03,usr_022,ses_597e6845,,session_start,,,,,
2026-01-21T08:26:07,usr_022,ses_597e6845,conv_14e4180c,conversation_created,,,,,
2026-01-21T08:26:14,usr_022,ses_597e6845,conv_14e4180c,document_uploaded,6e85497a9114,Headlease - 100 Bishopsgate.pdf,,,
2026-01-21T08:26:28,usr_022,ses_597e6845,conv_14e4180c,prompt_submitted,,,,,
2026-01-21T08:26:35,usr_022,ses_597e6845,conv_14e4180c,response_received,,,0,787,
2026-01-21T08:26:55,usr_022,ses_597e6845,conv_14e4180c,prompt_submitted,,,,,
2026-01-21T08:27:13,usr_022,ses_597e6845,conv_14e4180c,response_received,,,1,362,
2026-01-21T08:27:18,usr_022,ses_597e6845,conv_14e4180c,prompt_submitted,,,,,
2026-01-21T08:27:38,usr_022,ses_597e6845,conv_14e4180c,response_received,,,4,427,
2026-01-21T08:35:15,usr_012,ses_76ecbdd6,,session_start,,,,,
2026-01-21T08:35:16,usr_012,ses_76ecbdd6,conv_fce68504,conversation_created,,,,,
2026-01-21T08:35:26,usr_012,ses_76ecbdd6,conv_fce68504,document_uploaded,b1ee2def568f,Restrictive Covenant Plan - Sheffield.pdf,,,
2026-01-21T08:35:36,usr_012,ses_76ecbdd6,conv_fce68504,prompt_submitted,,,,,
2026-01-21T08:35:56,usr_012,ses_76ecbdd6,conv_fce68504,response_received,,,3,1723,
2026-01-21T08:36:16,usr_012,ses_76ecbdd6,conv_fce68504,prompt_submitted,,,,,
2026-01-21T08:36:27,usr_012,ses_76ecbdd6,conv_fce68504,response_received,,,5,1483,
2026-01-21T08:36:53,usr_012,ses_76ecbdd6,conv_fce68504,feedback_given,,,,,thumbs_up
2026-01-21T08:36:58,usr_012,ses_76ecbdd6,conv_fce68504,prompt_submitted,,,,,
2026-01-21T08:37:11,usr_012,ses_76ecbdd6,conv_fce68504,response_received,,,2,483,
2026-01-21T08:37:47,usr_012,ses_76ecbdd6,conv_fce68504,feedback_given,,,,,thumbs_up
2026-01-21T08:37:52,usr_012,ses_76ecbdd6,conv_fce68504,prompt_submitted,,,,,
2026-01-21T08:38:08,usr_012,ses_76ecbdd6,conv_fce68504,response_received,,,5,1051,
2026-01-21T08:38:43,usr_012,ses_76ecbdd6,conv_fce68504,feedback_given,,,,,thumbs_up
2026-01-21T08:48:03,usr_022,ses_597e6845,,session_end,,,,,
2026-01-21T09:14:15,usr_012,ses_76ecbdd6,,session_end,,,,,
2026-01-21T12:28:42,usr_017,ses_14e286e5,,session_start,,,,,
2026-01-21T12:28:46,usr_017,ses_14e286e5,conv_c143f426,conversation_created,,,,,
2026-01-21T12:28:56,usr_017,ses_14e286e5,conv_c143f426,document_uploaded,4ce4acf77124,Underlease - Floor 3 One Canada Square.pdf,,,
2026-01-21T12:29:09,usr_017,ses_14e286e5,conv_86e52753,conversation_created,,,,,
2026-01-21T12:29:15,usr_017,ses_14e286e5,conv_86e52753,document_uploaded,cdfb81614dfb,Superior Lease - Thames Court.pdf,,,
2026-01-21T12:29:18,usr_017,ses_14e286e5,conv_c143f426,prompt_submitted,,,,,
2026-01-21T12:29:27,usr_017,ses_14e286e5,conv_c143f426,response_received,,,3,1771,
2026-01-21T12:29:36,usr_017,ses_14e286e5,conv_86e52753,prompt_submitted,,,,,
2026-01-21T12:29:49,usr_017,ses_14e286e5,conv_86e52753,response_received,,,5,1729,
2026-01-21T12:30:34,usr_017,ses_14e286e5,conv_86e52753,feedback_given,,,,,thumbs_up
2026-01-21T12:30:39,usr_017,ses_14e286e5,conv_86e52753,prompt_submitted,,,,,
2026-01-21T12:30:44,usr_017,ses_14e286e5,conv_86e52753,response_received,,,2,1093,
2026-01-21T12:30:49,usr_017,ses_14e286e5,conv_c143f426,prompt_submitted,,,,,
2026-01-21T12:31:02,usr_017,ses_14e286e5,conv_c143f426,response_received,,,5,1653,
2026-01-21T12:38:42,usr_017,ses_14e286e5,,session_end,,,,,
2026-01-21T13:01:13,usr_023,ses_2dea2d2d,,session_start,,,,,
2026-01-21T13:01:18,usr_023,ses_2dea2d2d,conv_d226a8b3,conversation_created,,,,,
2026-01-21T13:01:26,usr_023,ses_2dea2d2d,conv_d226a8b3,prompt_submitted,,,,,
2026-01-21T13:01:34,usr_023,ses_2dea2d2d,conv_d226a8b3,response_received,,,4,1586,
2026-01-21T13:01:56,usr_023,ses_2dea2d2d,conv_d226a8b3,prompt_submitted,,,,,
2026-01-21T13:02:01,usr_023,ses_2dea2d2d,conv_d226a8b3,response_received,,,3,309,
2026-01-21T13:08:13,usr_023,ses_2dea2d2d,,session_end,,,,,
2026-01-21T14:17:59,usr_026,ses_7656af72,,session_start,,,,,
2026-01-21T14:18:04,usr_026,ses_7656af72,conv_0e51f30d,conversation_created,,,,,
2026-01-21T14:18:09,usr_026,ses_7656af72,conv_448aaa9e,conversation_created,,,,,
2026-01-21T14:18:12,usr_026,ses_7656af72,conv_448aaa9e,document_uploaded,b1ee2def568f,Restrictive Covenant Plan - Sheffield.pdf,,,
2026-01-21T14:18:26,usr_026,ses_7656af72,conv_448aaa9e,prompt_submitted,,,,,
2026-01-21T14:18:35,usr_026,ses_7656af72,conv_448aaa9e,response_received,,,5,1516,
2026-01-21T14:19:22,usr_026,ses_7656af72,conv_448aaa9e,feedback_given,,,,,thumbs_up
2026-01-21T14:19:32,usr_026,ses_7656af72,conv_448aaa9e,prompt_submitted,,,,,
2026-01-21T14:19:48,usr_026,ses_7656af72,conv_448aaa9e,response_received,,,5,941,
2026-01-21T14:20:00,usr_026,ses_7656af72,conv_0e51f30d,prompt_submitted,,,,,
2026-01-21T14:20:19,usr_026,ses_7656af72,conv_0e51f30d,response_received,,,2,1963,
2026-01-21T14:20:53,usr_026,ses_7656af72,conv_0e51f30d,feedback_given,,,,,thumbs_up
2026-01-21T14:58:59,usr_026,ses_7656af72,,session_end,,,,,
2026-01-21T16:32:58,usr_010,ses_5da8d6d2,,session_start,,,,,
2026-01-21T16:33:01,usr_010,ses_5da8d6d2,conv_f7a67b94,conversation_created,,,,,
2026-01-21T16:33:07,usr_010,ses_5da8d6d2,conv_f7a67b94,prompt_submitted,,,,,
2026-01-21T16:33:13,usr_010,ses_5da8d6d2,conv_f7a67b94,response_received,,,2,488,
2026-01-21T16:33:42,usr_010,ses_5da8d6d2,conv_f7a67b94,prompt_submitted,,,,,
2026-01-21T16:34:02,usr_010,ses_5da8d6d2,conv_f7a67b94,response_received,,,5,228,
2026-01-21T16:34:15,usr_010,ses_5da8d6d2,conv_f7a67b94,prompt_submitted,,,,,
2026-01-21T16:34:29,usr_010,ses_5da8d6d2,conv_f7a67b94,response_received,,,4,1397,
2026-01-21T16:58:58,usr_010,ses_5da8d6d2,,session_end,,,,,
2026-01-21T17:43:44,usr_006,ses_9e45455e,,session_start,,,,,
2026-01-21T17:43:48,usr_006,ses_9e45455e,conv_54dccba5,conversation_created,,,,,
2026-01-21T17:43:53,usr_006,ses_9e45455e,conv_54dccba5,document_uploaded,569f46648643,Property Certificate - Leeds Civic Quarter.pdf,,,
2026-01-21T17:44:00,usr_006,ses_9e45455e,conv_54dccba5,prompt_submitted,,,,,
2026-01-21T17:44:03,usr_006,ses_9e45455e,conv_54dccba5,response_received,,,3,836,
2026-01-21T17:52:44,usr_006,ses_9e45455e,,session_end,,,,,
2026-01-21T18:05:14,usr_016,ses_55ec024a,,session_start,,,,,
2026-01-21T18:05:17,usr_016,ses_55ec024a,conv_6ba4170b,conversation_created,,,,,
2026-01-21T18:05:24,usr_016,ses_55ec024a,conv_6ba4170b,prompt_submitted,,,,,
2026-01-21T18:05:41,usr_016,ses_55ec024a,conv_6ba4170b,response_received,,,4,309,
2026-01-21T18:28:51,usr_003,ses_329fc417,,session_start,,,,,
2026-01-21T18:28:53,usr_003,ses_329fc417,conv_cf133b65,conversation_created,,,,,
2026-01-21T18:29:00,usr_003,ses_329fc417,conv_cf133b65,document_uploaded,569f46648643,Property Certificate - Leeds Civic Quarter.pdf,,,
2026-01-21T18:29:03,usr_003,ses_329fc417,conv_cf133b65,prompt_submitted,,,,,
2026-01-21T18:29:19,usr_003,ses_329fc417,conv_cf133b65,response_received,,,5,1216,
2026-01-21T18:29:40,usr_003,ses_329fc417,conv_cf133b65,feedback_given,,,,,thumbs_up
2026-01-21T18:29:45,usr_003,ses_329fc417,conv_cf133b65,prompt_submitted,,,,,
2026-01-21T18:29:56,usr_003,ses_329fc417,conv_cf133b65,response_received,,,3,270,
2026-01-21T18:31:38,usr_047,ses_b88cddde,,session_start,,,,,
2026-01-21T18:31:43,usr_047,ses_b88cddde,conv_4dfe1117,conversation_created,,,,,
2026-01-21T18:31:45,usr_047,ses_b88cddde,conv_4dfe1117,prompt_submitted,,,,,
2026-01-21T18:32:00,usr_047,ses_b88cddde,conv_4dfe1117,response_received,,,4,1101,
2026-01-21T18:32:40,usr_047,ses_b88cddde,conv_4dfe1117,feedback_given,,,,,thumbs_up
2026-01-21T18:32:44,usr_047,ses_b88cddde,conv_4dfe1117,prompt_submitted,,,,,
2026-01-21T18:32:57,usr_047,ses_b88cddde,conv_4dfe1117,response_received,,,3,1181,
2026-01-21T18:33:27,usr_047,ses_b88cddde,conv_4dfe1117,feedback_given,,,,,thumbs_up
2026-01-21T18:46:51,usr_003,ses_329fc417,,session_end,,,,,
2026-01-21T18:47:14,usr_016,ses_55ec024a,,session_end,,,,,
2026-01-21T19:14:38,usr_047,ses_b88cddde,,session_end,,,,,
2026-01-22T08:39:56,usr_010,ses_78b2b549,,session_start,,,,,
2026-01-22T08:40:01,usr_010,ses_78b2b549,conv_a2a9d4d8,conversation_created,,,,,
2026-01-22T08:40:10,usr_010,ses_78b2b549,conv_1dde7969,conversation_created,,,,,
2026-01-22T08:40:14,usr_010,ses_78b2b549,conv_1dde7969,document_uploaded,6e85497a9114,Headlease - 100 Bishopsgate.pdf,,,
2026-01-22T08:40:21,usr_010,ses_78b2b549,conv_1dde7969,prompt_submitted,,,,,
2026-01-22T08:40:27,usr_010,ses_78b2b549,conv_1dde7969,response_received,,,0,1300,
2026-01-22T08:40:36,usr_010,ses_78b2b549,conv_1dde7969,prompt_submitted,,,,,
2026-01-22T08:40:56,usr_010,ses_78b2b549,conv_1dde7969,response_received,,,3,1049,
2026-01-22T08:41:39,usr_010,ses_78b2b549,conv_1dde7969,feedback_given,,,,,thumbs_up
2026-01-22T08:41:45,usr_010,ses_78b2b549,conv_a2a9d4d8,prompt_submitted,,,,,
2026-01-22T08:41:59,usr_010,ses_78b2b549,conv_a2a9d4d8,response_received,,,5,683,
2026-01-22T08:42:37,usr_010,ses_78b2b549,conv_a2a9d4d8,feedback_given,,,,,thumbs_up
2026-01-22T08:42:44,usr_010,ses_78b2b549,conv_a2a9d4d8,prompt_submitted,,,,,
2026-01-22T08:42:59,usr_010,ses_78b2b549,conv_a2a9d4d8,response_received,,,2,1936,
2026-01-22T08:43:43,usr_010,ses_78b2b549,conv_a2a9d4d8,feedback_given,,,,,thumbs_up
2026-01-22T08:45:56,usr_010,ses_78b2b549,,session_end,,,,,
2026-01-22T09:26:28,usr_008,ses_0c5921f8,,session_start,,,,,
2026-01-22T09:26:32,usr_008,ses_0c5921f8,conv_b3ada2ba,conversation_created,,,,,
2026-01-22T09:26:36,usr_008,ses_0c5921f8,conv_b3ada2ba,document_uploaded,6be209e6b639,Side Letter - Break Option Waiver.pdf,,,
2026-01-22T09:26:49,usr_008,ses_0c5921f8,conv_b3ada2ba,prompt_submitted,,,,,
2026-01-22T09:27:01,usr_008,ses_0c5921f8,conv_b3ada2ba,response_received,,,1,1556,
2026-01-22T10:07:28,usr_008,ses_0c5921f8,,session_end,,,,,
2026-01-22T10:20:59,usr_039,ses_2a26f770,,session_start,,,,,
2026-01-22T10:21:01,usr_039,ses_2a26f770,conv_e519dd7e,conversation_created,,,,,
2026-01-22T10:21:07,usr_039,ses_2a26f770,conv_e519dd7e,prompt_submitted,,,,,
2026-01-22T10:21:16,usr_039,ses_2a26f770,conv_e519dd7e,response_received,,,3,762,
2026-01-22T10:21:25,usr_039,ses_2a26f770,conv_e519dd7e,prompt_submitted,,,,,
2026-01-22T10:21:44,usr_039,ses_2a26f770,conv_e519dd7e,response_received,,,3,1389,
2026-01-22T10:22:17,usr_039,ses_2a26f770,conv_e519dd7e,feedback_given,,,,,thumbs_up
2026-01-22T10:22:24,usr_039,ses_2a26f770,conv_e519dd7e,prompt_submitted,,,,,
2026-01-22T10:22:27,usr_039,ses_2a26f770,conv_e519dd7e,response_received,,,0,1513,
2026-01-22T11:04:59,usr_039,ses_2a26f770,,session_end,,,,,
2026-01-22T13:19:48,usr_012,ses_f1578470,,session_start,,,,,
2026-01-22T13:19:52,usr_012,ses_f1578470,conv_9a6ec2f5,conversation_created,,,,,
2026-01-22T13:19:57,usr_012,ses_f1578470,conv_9a6ec2f5,document_uploaded,0184909dd244,Title Report - Lot 7 Victoria Park.pdf,,,
2026-01-22T13:20:00,usr_012,ses_f1578470,conv_9a6ec2f5,prompt_submitted,,,,,
2026-01-22T13:20:13,usr_012,ses_f1578470,conv_9a6ec2f5,response_received,,,5,1683,
2026-01-22T13:20:23,usr_012,ses_f1578470,conv_9a6ec2f5,prompt_submitted,,,,,
2026-01-22T13:20:43,usr_012,ses_f1578470,conv_9a6ec2f5,response_received,,,0,1006,
2026-01-22T13:21:06,usr_012,ses_f1578470,conv_9a6ec2f5,prompt_submitted,,,,,
2026-01-22T13:21:11,usr_012,ses_f1578470,conv_9a6ec2f5,response_received,,,3,1975,
2026-01-22T13:21:45,usr_012,ses_f1578470,conv_9a6ec2f5,feedback_given,,,,,thumbs_up
2026-01-22T13:21:50,usr_012,ses_f1578470,conv_9a6ec2f5,prompt_submitted,,,,,
2026-01-22T13:22:03,usr_012,ses_f1578470,conv_9a6ec2f5,response_received,,,5,769,
2026-01-22T13:48:48,usr_012,ses_f1578470,,session_end,,,,,
2026-01-22T15:36:39,usr_005,ses_3e6dd58b,,session_start,,,,,
2026-01-22T15:36:43,usr_005,ses_3e6dd58b,conv_7cd0129d,conversation_created,,,,,
2026-01-22T15:36:48,usr_005,ses_3e6dd58b,conv_7cd0129d,document_uploaded,0184909dd244,Title Report - Lot 7 Victoria Park.pdf,,,
2026-01-22T15:37:00,usr_005,ses_3e6dd58b,conv_7cd0129d,prompt_submitted,,,,,
2026-01-22T15:37:20,usr_005,ses_3e6dd58b,conv_7cd0129d,response_received,,,0,591,
2026-01-22T15:37:49,usr_005,ses_3e6dd58b,conv_7cd0129d,feedback_given,,,,,thumbs_down
2026-01-22T15:37:54,usr_005,ses_3e6dd58b,conv_7cd0129d,prompt_submitted,,,,,
2026-01-22T15:38:12,usr_005,ses_3e6dd58b,conv_7cd0129d,response_received,,,2,390,
2026-01-22T15:38:40,usr_005,ses_3e6dd58b,conv_7cd0129d,feedback_given,,,,,thumbs_up
2026-01-22T15:38:47,usr_005,ses_3e6dd58b,conv_7cd0129d,prompt_submitted,,,,,
2026-01-22T15:39:07,usr_005,ses_3e6dd58b,conv_7cd0129d,response_received,,,5,1727,
2026-01-22T15:39:29,usr_005,ses_3e6dd58b,conv_7cd0129d,prompt_submitted,,,,,
2026-01-22T15:39:40,usr_005,ses_3e6dd58b,conv_7cd0129d,response_received,,,3,447,
2026-01-22T15:40:30,usr_005,ses_3e6dd58b,conv_7cd0129d,feedback_given,,,,,thumbs_up
2026-01-22T15:51:39,usr_005,ses_3e6dd58b,,session_end,,,,,
2026-01-22T18:13:17,usr_009,ses_39a0f145,,session_start,,,,,
2026-01-22T18:13:21,usr_009,ses_39a0f145,conv_f796611f,conversation_created,,,,,
2026-01-22T18:13:23,usr_009,ses_39a0f145,conv_f796611f,prompt_submitted,,,,,
2026-01-22T18:13:31,usr_009,ses_39a0f145,conv_f796611f,response_received,,,1,658,
2026-01-22T18:13:44,usr_009,ses_39a0f145,conv_f796611f,prompt_submitted,,,,,
2026-01-22T18:13:55,usr_009,ses_39a0f145,conv_f796611f,response_received,,,4,1944,
2026-01-22T18:14:11,usr_009,ses_39a0f145,conv_f796611f,prompt_submitted,,,,,
2026-01-22T18:14:28,usr_009,ses_39a0f145,conv_f796611f,response_received,,,4,1397,
2026-01-22T18:14:52,usr_009,ses_39a0f145,conv_f796611f,feedback_given,,,,,thumbs_down
2026-01-22T18:57:17,usr_009,ses_39a0f145,,session_end,,,,,
2026-01-23T10:28:34,usr_027,ses_7d5911c6,,session_start,,,,,
2026-01-23T10:28:38,usr_027,ses_7d5911c6,conv_749176f4,conversation_created,,,,,
2026-01-23T10:28:45,usr_027,ses_7d5911c6,conv_749176f4,prompt_submitted,,,,,
2026-01-23T10:29:00,usr_027,ses_7d5911c6,conv_749176f4,response_received,,,5,289,
2026-01-23T10:29:15,usr_027,ses_7d5911c6,conv_749176f4,prompt_submitted,,,,,
2026-01-23T10:29:30,usr_027,ses_7d5911c6,conv_749176f4,response_received,,,3,1214,
2026-01-23T10:29:51,usr_027,ses_7d5911c6,conv_749176f4,feedback_given,,,,,thumbs_down
2026-01-23T10:29:54,usr_027,ses_7d5911c6,conv_749176f4,prompt_submitted,,,,,
2026-01-23T10:30:00,usr_027,ses_7d5911c6,conv_749176f4,response_received,,,5,231,
2026-01-23T10:30:37,usr_027,ses_7d5911c6,conv_749176f4,feedback_given,,,,,thumbs_down
2026-01-23T10:30:40,usr_027,ses_7d5911c6,conv_749176f4,prompt_submitted,,,,,
2026-01-23T10:30:51,usr_027,ses_7d5911c6,conv_749176f4,response_received,,,5,1530,
2026-01-23T10:54:32,usr_044,ses_e3a68a70,,session_start,,,,,
2026-01-23T10:54:36,usr_044,ses_e3a68a70,conv_54a7b69b,conversation_created,,,,,
2026-01-23T10:54:40,usr_044,ses_e3a68a70,conv_54a7b69b,prompt_submitted,,,,,
2026-01-23T10:54:48,usr_044,ses_e3a68a70,conv_54a7b69b,response_received,,,0,890,
2026-01-23T10:55:18,usr_044,ses_e3a68a70,conv_54a7b69b,prompt_submitted,,,,,
2026-01-23T10:55:26,usr_044,ses_e3a68a70,conv_54a7b69b,response_received,,,4,1893,
2026-01-23T10:55:44,usr_044,ses_e3a68a70,conv_54a7b69b,prompt_submitted,,,,,
2026-01-23T10:55:59,usr_044,ses_e3a68a70,conv_54a7b69b,response_received,,,2,487,
2026-01-23T11:05:34,usr_027,ses_7d5911c6,,session_end,,,,,
2026-01-23T11:12:32,usr_044,ses_e3a68a70,,session_end,,,,,
2026-01-23T15:29:16,usr_038,ses_43675d58,,session_start,,,,,
2026-01-23T15:29:18,usr_038,ses_43675d58,conv_c0927b74,conversation_created,,,,,
2026-01-23T15:29:21,usr_038,ses_43675d58,conv_c0927b74,document_uploaded,d6e7bcee71dc,Licence to Alter - 45 Moorgate.pdf,,,
2026-01-23T15:29:36,usr_038,ses_43675d58,conv_c0927b74,prompt_submitted,,,,,
2026-01-23T15:29:46,usr_038,ses_43675d58,conv_c0927b74,response_received,,,5,1876,
2026-01-23T15:30:27,usr_038,ses_43675d58,conv_c0927b74,feedback_given,,,,,thumbs_up
2026-01-23T15:30:32,usr_038,ses_43675d58,conv_c0927b74,prompt_submitted,,,,,
2026-01-23T15:30:44,usr_038,ses_43675d58,conv_c0927b74,response_received,,,0,1948,
2026-01-23T15:31:32,usr_038,ses_43675d58,conv_c0927b74,feedback_given,,,,,thumbs_down
2026-01-23T15:31:36,usr_038,ses_43675d58,conv_c0927b74,prompt_submitted,,,,,
2026-01-23T15:31:53,usr_038,ses_43675d58,conv_c0927b74,response_received,,,3,633,
2026-01-23T15:32:30,usr_038,ses_43675d58,conv_c0927b74,feedback_given,,,,,thumbs_up
2026-01-23T15:44:16,usr_038,ses_43675d58,,session_end,,,,,
2026-01-23T16:23:01,usr_032,ses_6c645c15,,session_start,,,,,
2026-01-23T16:23:04,usr_032,ses_6c645c15,conv_577bc55a,conversation_created,,,,,
2026-01-23T16:23:13,usr_032,ses_6c645c15,conv_577bc55a,document_uploaded,4570b5f5979e,Environmental Phase I - Manchester Arndale.pdf,,,
2026-01-23T16:23:17,usr_032,ses_6c645c15,conv_577bc55a,prompt_submitted,,,,,
2026-01-23T16:23:23,usr_032,ses_6c645c15,conv_577bc55a,response_received,,,1,1555,
2026-01-23T16:23:38,usr_032,ses_6c645c15,conv_577bc55a,prompt_submitted,,,,,
2026-01-23T16:23:53,usr_032,ses_6c645c15,conv_577bc55a,response_received,,,2,1902,
2026-01-23T16:24:20,usr_032,ses_6c645c15,conv_577bc55a,prompt_submitted,,,,,
2026-01-23T16:24:37,usr_032,ses_6c645c15,conv_577bc55a,response_received,,,0,946,
2026-01-23T16:46:39,usr_041,ses_1adba8cf,,session_start,,,,,
2026-01-23T16:46:40,usr_041,ses_1adba8cf,conv_7f6bd3c6,conversation_created,,,,,
2026-01-23T16:46:45,usr_041,ses_1adba8cf,conv_7f6bd3c6,prompt_submitted,,,,,
2026-01-23T16:47:04,usr_041,ses_1adba8cf,conv_7f6bd3c6,response_received,,,2,1640,
2026-01-23T16:47:22,usr_041,ses_1adba8cf,conv_7f6bd3c6,prompt_submitted,,,,,
2026-01-23T16:47:42,usr_041,ses_1adba8cf,conv_7f6bd3c6,response_received,,,1,1609,
2026-01-23T16:49:39,usr_041,ses_1adba8cf,,session_end,,,,,
2026-01-23T16:54:01,usr_032,ses_6c645c15,,session_end,,,,,
2026-01-23T17:22:34,usr_045,ses_0f321333,,session_start,,,,,
2026-01-23T17:22:37,usr_045,ses_0f321333,conv_fa9fc10e,conversation_created,,,,,
2026-01-23T17:22:43,usr_045,ses_0f321333,conv_fa9fc10e,document_uploaded,6e85497a9114,Headlease - 100 Bishopsgate.pdf,,,
2026-01-23T17:22:48,usr_045,ses_0f321333,conv_fa9fc10e,prompt_submitted,,,,,
2026-01-23T17:22:52,usr_045,ses_0f321333,conv_fa9fc10e,response_received,,,3,1636,
2026-01-23T17:23:13,usr_045,ses_0f321333,conv_fa9fc10e,feedback_given,,,,,thumbs_up
2026-01-23T17:23:21,usr_045,ses_0f321333,conv_fa9fc10e,prompt_submitted,,,,,
2026-01-23T17:23:28,usr_045,ses_0f321333,conv_fa9fc10e,response_received,,,4,1485,
2026-01-23T17:24:16,usr_045,ses_0f321333,conv_fa9fc10e,feedback_given,,,,,thumbs_up
2026-01-23T17:24:19,usr_045,ses_0f321333,conv_fa9fc10e,prompt_submitted,,,,,
2026-01-23T17:24:38,usr_045,ses_0f321333,conv_fa9fc10e,response_received,,,4,1131,
2026-01-23T17:25:27,usr_045,ses_0f321333,conv_fa9fc10e,feedback_given,,,,,thumbs_up
2026-01-23T17:25:30,usr_045,ses_0f321333,conv_fa9fc10e,prompt_submitted,,,,,
2026-01-23T17:25:44,usr_045,ses_0f321333,conv_fa9fc10e,response_received,,,5,646,
2026-01-23T17:44:07,usr_036,ses_08150147,,session_start,,,,,
2026-01-23T17:44:09,usr_036,ses_08150147,conv_26c432f6,conversation_created,,,,,
2026-01-23T17:44:17,usr_036,ses_08150147,conv_26c432f6,prompt_submitted,,,,,
2026-01-23T17:44:36,usr_036,ses_08150147,conv_26c432f6,response_received,,,2,1987,
2026-01-23T17:45:04,usr_036,ses_08150147,conv_26c432f6,prompt_submitted,,,,,
2026-01-23T17:45:23,usr_036,ses_08150147,conv_26c432f6,response_received,,,0,865,
2026-01-23T17:56:34,usr_045,ses_0f321333,,session_end,,,,,
2026-01-23T18:11:07,usr_036,ses_08150147,,session_end,,,,,
2026-01-24T13:35:36,usr_045,ses_48998e5f,,session_start,,,,,
2026-01-24T13:35:38,usr_045,ses_48998e5f,conv_57ff51d9,conversation_created,,,,,
2026-01-24T13:35:40,usr_045,ses_48998e5f,conv_57ff51d9,document_uploaded,0bde5e6f6d74,Deed of Variation - Liverpool Docks.pdf,,,
2026-01-24T13:35:50,usr_045,ses_48998e5f,conv_57ff51d9,prompt_submitted,,,,,
2026-01-24T13:35:56,usr_045,ses_48998e5f,conv_57ff51d9,response_received,,,3,1103,
2026-01-24T13:36:26,usr_045,ses_48998e5f,conv_57ff51d9,feedback_given,,,,,thumbs_down
2026-01-24T13:36:30,usr_045,ses_48998e5f,conv_57ff51d9,prompt_submitted,,,,,
2026-01-24T13:36:38,usr_045,ses_48998e5f,conv_57ff51d9,response_received,,,4,391,
2026-01-24T13:37:29,usr_045,ses_48998e5f,conv_57ff51d9,feedback_given,,,,,thumbs_up
2026-01-24T13:37:33,usr_045,ses_48998e5f,conv_57ff51d9,prompt_submitted,,,,,
2026-01-24T13:37:48,usr_045,ses_48998e5f,conv_57ff51d9,response_received,,,3,1079,
2026-01-24T13:38:24,usr_045,ses_48998e5f,conv_57ff51d9,feedback_given,,,,,thumbs_up
2026-01-24T13:38:33,usr_045,ses_48998e5f,conv_57ff51d9,prompt_submitted,,,,,
2026-01-24T13:38:40,usr_045,ses_48998e5f,conv_57ff51d9,response_received,,,5,219,
2026-01-24T13:45:36,usr_045,ses_48998e5f,,session_end,,,,,
2026-01-24T14:01:47,usr_033,ses_6ea05d13,,session_start,,,,,
2026-01-24T14:01:52,usr_033,ses_6ea05d13,conv_638abdf6,conversation_created,,,,,
2026-01-24T14:01:54,usr_033,ses_6ea05d13,conv_638abdf6,prompt_submitted,,,,,
2026-01-24T14:02:05,usr_033,ses_6ea05d13,conv_638abdf6,response_received,,,2,1382,
2026-01-24T14:02:13,usr_033,ses_6ea05d13,conv_638abdf6,prompt_submitted,,,,,
2026-01-24T14:02:27,usr_033,ses_6ea05d13,conv_638abdf6,response_received,,,5,433,
2026-01-24T14:35:47,usr_033,ses_6ea05d13,,session_end,,,,,
2026-01-24T16:17:51,usr_004,ses_5e0a72ab,,session_start,,,,,
2026-01-24T16:17:52,usr_004,ses_5e0a72ab,conv_febec0db,conversation_created,,,,,
2026-01-24T16:17:56,usr_004,ses_5e0a72ab,conv_febec0db,document_uploaded,6e85497a9114,Headlease - 100 Bishopsgate.pdf,,,
2026-01-24T16:18:04,usr_004,ses_5e0a72ab,conv_febec0db,prompt_submitted,,,,,
2026-01-24T16:18:16,usr_004,ses_5e0a72ab,conv_febec0db,response_received,,,4,541,
2026-01-24T16:18:43,usr_004,ses_5e0a72ab,conv_febec0db,prompt_submitted,,,,,
2026-01-24T16:18:47,usr_004,ses_5e0a72ab,conv_febec0db,response_received,,,3,1459,
2026-01-24T16:19:05,usr_004,ses_5e0a72ab,conv_febec0db,prompt_submitted,,,,,
2026-01-24T16:19:10,usr_004,ses_5e0a72ab,conv_febec0db,response_received,,,4,944,
2026-01-24T16:22:43,usr_001,ses_57a2be4e,,session_start,,,,,
2026-01-24T16:22:46,usr_001,ses_57a2be4e,conv_476cf68c,conversation_created,,,,,
2026-01-24T16:22:56,usr_001,ses_57a2be4e,conv_476cf68c,document_uploaded,4ce4acf77124,Underlease - Floor 3 One Canada Square.pdf,,,
2026-01-24T16:23:11,usr_001,ses_57a2be4e,conv_476cf68c,prompt_submitted,,,,,
2026-01-24T16:23:20,usr_001,ses_57a2be4e,conv_476cf68c,response_received,,,4,849,
2026-01-24T16:23:40,usr_001,ses_57a2be4e,conv_476cf68c,prompt_submitted,,,,,
2026-01-24T16:23:52,usr_001,ses_57a2be4e,conv_476cf68c,response_received,,,0,1585,
2026-01-24T16:24:14,usr_001,ses_57a2be4e,conv_476cf68c,prompt_submitted,,,,,
2026-01-24T16:24:28,usr_001,ses_57a2be4e,conv_476cf68c,response_received,,,2,794,
2026-01-24T16:30:43,usr_001,ses_57a2be4e,,session_end,,,,,
2026-01-24T16:30:51,usr_004,ses_5e0a72ab,,session_end,,,,,
2026-01-25T10:30:04,usr_045,ses_b1ac040d,,session_start,,,,,
2026-01-25T10:30:06,usr_045,ses_b1ac040d,conv_1a38aad6,conversation_created,,,,,
2026-01-25T10:30:09,usr_045,ses_b1ac040d,conv_1a38aad6,document_uploaded,4570b5f5979e,Environmental Phase I - Manchester Arndale.pdf,,,
2026-01-25T10:30:18,usr_045,ses_b1ac040d,conv_1a38aad6,prompt_submitted,,,,,
2026-01-25T10:30:25,usr_045,ses_b1ac040d,conv_1a38aad6,response_received,,,0,1353,
2026-01-25T10:30:30,usr_045,ses_b1ac040d,conv_1a38aad6,prompt_submitted,,,,,
2026-01-25T10:30:47,usr_045,ses_b1ac040d,conv_1a38aad6,response_received,,,3,1486,
2026-01-25T10:31:41,usr_045,ses_b1ac040d,conv_1a38aad6,feedback_given,,,,,thumbs_up
2026-01-25T10:31:50,usr_045,ses_b1ac040d,conv_1a38aad6,prompt_submitted,,,,,
2026-01-25T10:31:55,usr_045,ses_b1ac040d,conv_1a38aad6,response_received,,,3,1741,
2026-01-25T10:57:04,usr_045,ses_b1ac040d,,session_end,,,,,
2026-01-25T12:08:11,usr_028,ses_b0416f19,,session_start,,,,,
2026-01-25T12:08:12,usr_028,ses_b0416f19,conv_d9cb3540,conversation_created,,,,,
2026-01-25T12:08:14,usr_028,ses_b0416f19,conv_d9cb3540,document_uploaded,d6e7bcee71dc,Licence to Alter - 45 Moorgate.pdf,,,
2026-01-25T12:08:29,usr_028,ses_b0416f19,conv_d9cb3540,prompt_submitted,,,,,
2026-01-25T12:08:35,usr_028,ses_b0416f19,conv_d9cb3540,response_received,,,3,878,
2026-01-25T12:09:18,usr_028,ses_b0416f19,conv_d9cb3540,feedback_given,,,,,thumbs_up
2026-01-25T12:09:22,usr_028,ses_b0416f19,conv_d9cb3540,prompt_submitted,,,,,
2026-01-25T12:09:35,usr_028,ses_b0416f19,conv_d9cb3540,response_received,,,4,629,
2026-01-25T12:09:47,usr_028,ses_b0416f19,conv_d9cb3540,prompt_submitted,,,,,
2026-01-25T12:09:58,usr_028,ses_b0416f19,conv_d9cb3540,response_received,,,2,298,
2026-01-25T12:10:25,usr_028,ses_b0416f19,conv_d9cb3540,feedback_given,,,,,thumbs_up
2026-01-25T12:10:33,usr_028,ses_b0416f19,conv_d9cb3540,prompt_submitted,,,,,
2026-01-25T12:10:48,usr_028,ses_b0416f19,conv_d9cb3540,response_received,,,5,407,
2026-01-25T12:47:11,usr_028,ses_b0416f19,,session_end,,,,,
2026-01-25T17:45:36,usr_015,ses_090aaa93,,session_start,,,,,
2026-01-25T17:45:38,usr_015,ses_090aaa93,conv_afb28b3d,conversation_created,,,,,
2026-01-25T17:45:48,usr_015,ses_090aaa93,conv_afb28b3d,prompt_submitted,,,,,
2026-01-25T17:46:02,usr_015,ses_090aaa93,conv_afb28b3d,response_received,,,2,1921,
2026-01-25T17:46:28,usr_015,ses_090aaa93,conv_afb28b3d,prompt_submitted,,,,,
2026-01-25T17:46:40,usr_015,ses_090aaa93,conv_afb28b3d,response_received,,,0,462,
2026-01-25T18:23:36,usr_015,ses_090aaa93,,session_end,,,,,
2026-01-25T18:34:18,usr_011,ses_7f7f6c0a,,session_start,,,,,
2026-01-25T18:34:21,usr_011,ses_7f7f6c0a,conv_af5b8f47,conversation_created,,,,,
2026-01-25T18:34:29,usr_011,ses_7f7f6c0a,conv_af5b8f47,document_uploaded,6e85497a9114,Headlease - 100 Bishopsgate.pdf,,,
2026-01-25T18:34:34,usr_011,ses_7f7f6c0a,conv_af5b8f47,prompt_submitted,,,,,
2026-01-25T18:34:50,usr_011,ses_7f7f6c0a,conv_af5b8f47,response_received,,,2,896,
2026-01-25T18:35:29,usr_011,ses_7f7f6c0a,conv_af5b8f47,feedback_given,,,,,thumbs_down
2026-01-25T18:35:36,usr_011,ses_7f7f6c0a,conv_af5b8f47,prompt_submitted,,,,,
2026-01-25T18:35:43,usr_011,ses_7f7f6c0a,conv_af5b8f47,response_received,,,1,853,
2026-01-25T18:35:55,usr_011,ses_7f7f6c0a,conv_af5b8f47,prompt_submitted,,,,,
2026-01-25T18:36:12,usr_011,ses_7f7f6c0a,conv_af5b8f47,response_received,,,1,303,
2026-01-25T19:16:18,usr_011,ses_7f7f6c0a,,session_end,,,,,
2026-01-26T14:21:17,usr_020,ses_3170f437,,session_start,,,,,
2026-01-26T14:21:18,usr_020,ses_3170f437,conv_fb2ca025,conversation_created,,,,,
2026-01-26T14:21:28,usr_020,ses_3170f437,conv_fb2ca025,document_uploaded,0184909dd244,Title Report - Lot 7 Victoria Park.pdf,,,
2026-01-26T14:21:33,usr_020,ses_3170f437,conv_fb2ca025,prompt_submitted,,,,,
2026-01-26T14:21:37,usr_020,ses_3170f437,conv_fb2ca025,response_received,,,5,907,
2026-01-26T14:22:05,usr_020,ses_3170f437,conv_fb2ca025,prompt_submitted,,,,,
2026-01-26T14:22:24,usr_020,ses_3170f437,conv_fb2ca025,response_received,,,3,721,
2026-01-26T14:22:30,usr_020,ses_3170f437,conv_fb2ca025,prompt_submitted,,,,,
2026-01-26T14:22:49,usr_020,ses_3170f437,conv_fb2ca025,response_received,,,3,945,
2026-01-26T14:23:22,usr_020,ses_3170f437,conv_fb2ca025,feedback_given,,,,,thumbs_up
2026-01-26T14:23:29,usr_020,ses_3170f437,conv_fb2ca025,prompt_submitted,,,,,
2026-01-26T14:23:41,usr_020,ses_3170f437,conv_fb2ca025,response_received,,,5,868,
2026-01-26T14:59:17,usr_020,ses_3170f437,,session_end,,,,,
2026-01-26T17:24:39,usr_033,ses_503b4078,,session_start,,,,,
2026-01-26T17:24:43,usr_033,ses_503b4078,conv_d873dad9,conversation_created,,,,,
2026-01-26T17:24:52,usr_033,ses_503b4078,conv_d873dad9,prompt_submitted,,,,,
2026-01-26T17:24:57,usr_033,ses_503b4078,conv_d873dad9,response_received,,,4,441,
2026-01-26T17:25:36,usr_033,ses_503b4078,conv_d873dad9,feedback_given,,,,,thumbs_up
2026-01-26T17:25:40,usr_033,ses_503b4078,conv_d873dad9,prompt_submitted,,,,,
2026-01-26T17:25:56,usr_033,ses_503b4078,conv_d873dad9,response_received,,,5,1066,
2026-01-26T17:26:06,usr_033,ses_503b4078,conv_d873dad9,prompt_submitted,,,,,
2026-01-26T17:26:26,usr_033,ses_503b4078,conv_d873dad9,response_received,,,4,487,
2026-01-26T17:26:42,usr_033,ses_503b4078,conv_d873dad9,feedback_given,,,,,thumbs_up
2026-01-26T17:26:49,usr_033,ses_503b4078,conv_d873dad9,prompt_submitted,,,,,
2026-01-26T17:27:07,usr_033,ses_503b4078,conv_d873dad9,response_received,,,5,1350,
2026-01-26T17:53:39,usr_033,ses_503b4078,,session_end,,,,,
2026-01-26T18:50:39,usr_022,ses_6b79afcc,,session_start,,,,,
2026-01-26T18:50:43,usr_022,ses_6b79afcc,conv_7ff4cec6,conversation_created,,,,,
2026-01-26T18:50:53,usr_022,ses_6b79afcc,conv_7ff4cec6,document_uploaded,fec388769083,Rent Review Memorandum - Unit 4B.pdf,,,
2026-01-26T18:51:07,usr_022,ses_6b79afcc,conv_7ff4cec6,prompt_submitted,,,,,
2026-01-26T18:51:19,usr_022,ses_6b79afcc,conv_7ff4cec6,response_received,,,3,692,
2026-01-26T18:51:42,usr_022,ses_6b79afcc,conv_7ff4cec6,prompt_submitted,,,,,
2026-01-26T18:52:01,usr_022,ses_6b79afcc,conv_7ff4cec6,response_received,,,1,1277,
2026-01-26T19:25:39,usr_022,ses_6b79afcc,,session_end,,,,,
2026-01-27T15:12:07,usr_040,ses_491b90e9,,session_start,,,,,
2026-01-27T15:12:09,usr_040,ses_491b90e9,conv_b69f68c3,conversation_created,,,,,
2026-01-27T15:12:18,usr_040,ses_491b90e9,conv_b69f68c3,prompt_submitted,,,,,
2026-01-27T15:12:32,usr_040,ses_491b90e9,conv_b69f68c3,response_received,,,3,814,
2026-01-27T15:12:42,usr_040,ses_491b90e9,conv_b69f68c3,prompt_submitted,,,,,
2026-01-27T15:12:56,usr_040,ses_491b90e9,conv_b69f68c3,response_received,,,1,611,
2026-01-27T15:13:31,usr_040,ses_491b90e9,conv_b69f68c3,feedback_given,,,,,thumbs_down
2026-01-27T15:50:07,usr_040,ses_491b90e9,,session_end,,,,,
2026-01-27T16:30:03,usr_003,ses_69785221,,session_start,,,,,
2026-01-27T16:30:04,usr_003,ses_69785221,conv_330faaa3,conversation_created,,,,,
2026-01-27T16:30:14,usr_003,ses_69785221,conv_330faaa3,document_uploaded,46ff1fa298cf,Schedule of Condition - Birmingham New St.pdf,,,
2026-01-27T16:30:25,usr_003,ses_69785221,conv_330faaa3,prompt_submitted,,,,,
2026-01-27T16:30:40,usr_003,ses_69785221,conv_330faaa3,response_received,,,4,1182,
2026-01-27T16:31:02,usr_003,ses_69785221,conv_330faaa3,prompt_submitted,,,,,
2026-01-27T16:31:21,usr_003,ses_69785221,conv_330faaa3,response_received,,,4,568,
2026-01-27T16:31:56,usr_003,ses_69785221,conv_330faaa3,feedback_given,,,,,thumbs_up
2026-01-27T16:32:02,usr_003,ses_69785221,conv_330faaa3,prompt_submitted,,,,,
2026-01-27T16:32:20,usr_003,ses_69785221,conv_330faaa3,response_received,,,3,526,
2026-01-27T16:32:50,usr_003,ses_69785221,conv_330faaa3,feedback_given,,,,,thumbs_up
2026-01-27T16:47:03,usr_003,ses_69785221,,session_end,,,,,
2026-01-28T13:51:08,usr_030,ses_bd21bc11,,session_start,,,,,
2026-01-28T13:51:13,usr_030,ses_bd21bc11,conv_ab85fd59,conversation_created,,,,,
2026-01-28T13:51:16,usr_030,ses_bd21bc11,conv_ab85fd59,prompt_submitted,,,,,
2026-01-28T13:51:20,usr_030,ses_bd21bc11,conv_ab85fd59,response_received,,,4,920,
2026-01-28T13:51:28,usr_030,ses_bd21bc11,conv_ab85fd59,prompt_submitted,,,,,
2026-01-28T13:51:35,usr_030,ses_bd21bc11,conv_ab85fd59,response_received,,,3,1935,
2026-01-28T13:51:43,usr_030,ses_bd21bc11,conv_ab85fd59,prompt_submitted,,,,,
2026-01-28T13:51:49,usr_030,ses_bd21bc11,conv_ab85fd59,response_received,,,3,1853,
2026-01-28T14:33:08,usr_030,ses_bd21bc11,,session_end,,,,,
2026-01-28T16:17:52,usr_025,ses_734a6ca3,,session_start,,,,,
2026-01-28T16:17:57,usr_025,ses_734a6ca3,conv_64d6dfbf,conversation_created,,,,,
2026-01-28T16:18:04,usr_025,ses_734a6ca3,conv_64d6dfbf,prompt_submitted,,,,,
2026-01-28T16:18:24,usr_025,ses_734a6ca3,conv_64d6dfbf,response_received,,,2,607,
2026-01-28T16:18:48,usr_025,ses_734a6ca3,conv_64d6dfbf,prompt_submitted,,,,,
2026-01-28T16:18:52,usr_025,ses_734a6ca3,conv_64d6dfbf,response_received,,,0,1661,
2026-01-28T16:30:22,usr_037,ses_34f541c0,,session_start,,,,,
2026-01-28T16:30:26,usr_037,ses_34f541c0,conv_73d39457,conversation_created,,,,,
2026-01-28T16:30:33,usr_037,ses_34f541c0,conv_73d39457,document_uploaded,6e85497a9114,Headlease - 100 Bishopsgate.pdf,,,
2026-01-28T16:30:48,usr_037,ses_34f541c0,conv_73d39457,prompt_submitted,,,,,
2026-01-28T16:30:51,usr_037,ses_34f541c0,conv_73d39457,response_received,,,3,423,
2026-01-28T16:31:17,usr_037,ses_34f541c0,conv_73d39457,prompt_submitted,,,,,
2026-01-28T16:31:36,usr_037,ses_34f541c0,conv_73d39457,response_received,,,0,527,
2026-01-28T16:53:52,usr_025,ses_734a6ca3,,session_end,,,,,
2026-01-28T17:02:22,usr_037,ses_34f541c0,,session_end,,,,,
2026-01-29T10:21:57,usr_002,ses_fed747be,,session_start,,,,,
2026-01-29T10:22:01,usr_002,ses_fed747be,conv_f2b5a7ea,conversation_created,,,,,
2026-01-29T10:22:09,usr_002,ses_fed747be,conv_f2b5a7ea,document_uploaded,fec388769083,Rent Review Memorandum - Unit 4B.pdf,,,
2026-01-29T10:22:23,usr_002,ses_fed747be,conv_f2b5a7ea,prompt_submitted,,,,,
2026-01-29T10:22:32,usr_002,ses_fed747be,conv_f2b5a7ea,response_received,,,3,1233,
2026-01-29T10:23:12,usr_002,ses_fed747be,conv_f2b5a7ea,feedback_given,,,,,thumbs_up
2026-01-29T10:23:14,usr_002,ses_fed747be,conv_f2b5a7ea,prompt_submitted,,,,,
2026-01-29T10:23:25,usr_002,ses_fed747be,conv_f2b5a7ea,response_received,,,3,299,
2026-01-29T10:28:04,usr_028,ses_39bfca38,,session_start,,,,,
2026-01-29T10:28:05,usr_028,ses_39bfca38,conv_f3a02120,conversation_created,,,,,
2026-01-29T10:28:08,usr_028,ses_39bfca38,conv_f3a02120,document_uploaded,4570b5f5979e,Environmental Phase I - Manchester Arndale.pdf,,,
2026-01-29T10:28:17,usr_028,ses_39bfca38,conv_f3a02120,prompt_submitted,,,,,
2026-01-29T10:28:22,usr_028,ses_39bfca38,conv_f3a02120,response_received,,,2,892,
2026-01-29T10:28:46,usr_028,ses_39bfca38,conv_f3a02120,prompt_submitted,,,,,
2026-01-29T10:28:49,usr_028,ses_39bfca38,conv_f3a02120,response_received,,,3,1443,
2026-01-29T10:29:18,usr_028,ses_39bfca38,conv_f3a02120,feedback_given,,,,,thumbs_up
2026-01-29T10:29:23,usr_028,ses_39bfca38,conv_f3a02120,prompt_submitted,,,,,
2026-01-29T10:29:43,usr_028,ses_39bfca38,conv_f3a02120,response_received,,,4,1552,
2026-01-29T10:30:14,usr_028,ses_39bfca38,conv_f3a02120,feedback_given,,,,,thumbs_up
2026-01-29T11:02:04,usr_028,ses_39bfca38,,session_end,,,,,
2026-01-29T11:06:57,usr_002,ses_fed747be,,session_end,,,,,
2026-01-29T12:47:30,usr_001,ses_a7edc8d8,,session_start,,,,,
2026-01-29T12:47:32,usr_001,ses_a7edc8d8,conv_eedaa802,conversation_created,,,,,
2026-01-29T12:47:42,usr_001,ses_a7edc8d8,conv_eedaa802,prompt_submitted,,,,,
2026-01-29T12:47:48,usr_001,ses_a7edc8d8,conv_eedaa802,response_received,,,2,696,
2026-01-29T12:47:54,usr_001,ses_a7edc8d8,conv_eedaa802,prompt_submitted,,,,,
2026-01-29T12:48:04,usr_001,ses_a7edc8d8,conv_eedaa802,response_received,,,0,1046,
2026-01-29T12:56:30,usr_001,ses_a7edc8d8,,session_end,,,,,
2026-01-29T15:33:16,usr_026,ses_988c24c9,,session_start,,,,,
2026-01-29T15:33:21,usr_026,ses_988c24c9,conv_8976e334,conversation_created,,,,,
2026-01-29T15:33:27,usr_026,ses_988c24c9,conv_6f4cc69a,conversation_created,,,,,
2026-01-29T15:33:31,usr_026,ses_988c24c9,conv_6f4cc69a,document_uploaded,b1ee2def568f,Restrictive Covenant Plan - Sheffield.pdf,,,
2026-01-29T15:33:45,usr_026,ses_988c24c9,conv_6f4cc69a,prompt_submitted,,,,,
2026-01-29T15:34:04,usr_026,ses_988c24c9,conv_6f4cc69a,response_received,,,2,1982,
2026-01-29T15:34:53,usr_026,ses_988c24c9,conv_6f4cc69a,feedback_given,,,,,thumbs_up
2026-01-29T15:34:58,usr_026,ses_988c24c9,conv_8976e334,prompt_submitted,,,,,
2026-01-29T15:35:12,usr_026,ses_988c24c9,conv_8976e334,response_received,,,2,1426,
2026-01-29T15:35:27,usr_026,ses_988c24c9,conv_8976e334,prompt_submitted,,,,,
2026-01-29T15:35:41,usr_026,ses_988c24c9,conv_8976e334,response_received,,,4,690,
2026-01-29T15:35:54,usr_026,ses_988c24c9,conv_8976e334,feedback_given,,,,,thumbs_up
2026-01-29T16:07:16,usr_026,ses_988c24c9,,session_end,,,,,
2026-01-29T17:43:50,usr_004,ses_d942644c,,session_start,,,,,
2026-01-29T17:43:54,usr_004,ses_d942644c,conv_c74cc890,conversation_created,,,,,
2026-01-29T17:44:01,usr_004,ses_d942644c,conv_c74cc890,document_uploaded,6e85497a9114,Headlease - 100 Bishopsgate.pdf,,,
2026-01-29T17:44:13,usr_004,ses_d942644c,conv_c74cc890,prompt_submitted,,,,,
2026-01-29T17:44:30,usr_004,ses_d942644c,conv_c74cc890,response_received,,,3,1109,
2026-01-29T17:45:15,usr_004,ses_d942644c,conv_c74cc890,feedback_given,,,,,thumbs_up
2026-01-29T17:45:23,usr_004,ses_d942644c,conv_c74cc890,prompt_submitted,,,,,
2026-01-29T17:45:34,usr_004,ses_d942644c,conv_c74cc890,response_received,,,1,253,
2026-01-29T17:46:24,usr_004,ses_d942644c,conv_c74cc890,feedback_given,,,,,thumbs_up
2026-01-29T18:02:50,usr_004,ses_d942644c,,session_end,,,,,
2026-01-29T18:05:15,usr_014,ses_46e75a2c,,session_start,,,,,
2026-01-29T18:05:20,usr_014,ses_46e75a2c,conv_48f091f0,conversation_created,,,,,
2026-01-29T18:05:22,usr_014,ses_46e75a2c,conv_48f091f0,prompt_submitted,,,,,
2026-01-29T18:05:31,usr_014,ses_46e75a2c,conv_48f091f0,response_received,,,3,1731,
2026-01-29T18:06:18,usr_014,ses_46e75a2c,conv_48f091f0,feedback_given,,,,,thumbs_up
2026-01-29T18:06:23,usr_014,ses_46e75a2c,conv_48f091f0,prompt_submitted,,,,,
2026-01-29T18:06:38,usr_014,ses_46e75a2c,conv_48f091f0,response_received,,,5,1506,
2026-01-29T18:07:07,usr_014,ses_46e75a2c,conv_48f091f0,feedback_given,,,,,thumbs_down
2026-01-29T18:07:14,usr_014,ses_46e75a2c,conv_48f091f0,prompt_submitted,,,,,
2026-01-29T18:07:21,usr_014,ses_46e75a2c,conv_48f091f0,response_received,,,5,948,
2026-01-29T18:07:43,usr_014,ses_46e75a2c,conv_48f091f0,prompt_submitted,,,,,
2026-01-29T18:07:48,usr_014,ses_46e75a2c,conv_48f091f0,response_received,,,0,338,
2026-01-29T18:07:59,usr_014,ses_46e75a2c,conv_48f091f0,feedback_given,,,,,thumbs_up
2026-01-29T18:17:50,usr_043,ses_07958c1f,,session_start,,,,,
2026-01-29T18:17:54,usr_043,ses_07958c1f,conv_f0eebcce,conversation_created,,,,,
2026-01-29T18:18:02,usr_043,ses_07958c1f,conv_f0eebcce,prompt_submitted,,,,,
2026-01-29T18:18:07,usr_043,ses_07958c1f,conv_f0eebcce,response_received,,,3,1834,
2026-01-29T18:18:19,usr_043,ses_07958c1f,conv_f0eebcce,prompt_submitted,,,,,
2026-01-29T18:18:30,usr_043,ses_07958c1f,conv_f0eebcce,response_received,,,2,1714,
2026-01-29T18:18:47,usr_043,ses_07958c1f,conv_f0eebcce,prompt_submitted,,,,,
2026-01-29T18:18:52,usr_043,ses_07958c1f,conv_f0eebcce,response_received,,,0,831,
2026-01-29T18:33:14,usr_042,ses_24acb722,,session_start,,,,,
2026-01-29T18:33:18,usr_042,ses_24acb722,conv_f2d2393f,conversation_created,,,,,
2026-01-29T18:33:22,usr_042,ses_24acb722,conv_f2d2393f,prompt_submitted,,,,,
2026-01-29T18:33:42,usr_042,ses_24acb722,conv_f2d2393f,response_received,,,2,1517,
2026-01-29T18:34:08,usr_042,ses_24acb722,conv_f2d2393f,prompt_submitted,,,,,
2026-01-29T18:34:24,usr_042,ses_24acb722,conv_f2d2393f,response_received,,,2,970,
2026-01-29T18:34:34,usr_042,ses_24acb722,conv_f2d2393f,prompt_submitted,,,,,
2026-01-29T18:34:44,usr_042,ses_24acb722,conv_f2d2393f,response_received,,,2,1956,
2026-01-29T18:35:17,usr_042,ses_24acb722,conv_f2d2393f,feedback_given,,,,,thumbs_up
2026-01-29T18:37:50,usr_043,ses_07958c1f,,session_end,,,,,
2026-01-29T18:40:15,usr_014,ses_46e75a2c,,session_end,,,,,
2026-01-29T19:02:14,usr_042,ses_24acb722,,session_end,,,,,
2026-01-30T11:20:24,usr_047,ses_c82f78fd,,session_start,,,,,
2026-01-30T11:20:27,usr_047,ses_c82f78fd,conv_905881df,conversation_created,,,,,
2026-01-30T11:20:32,usr_047,ses_c82f78fd,conv_905881df,prompt_submitted,,,,,
2026-01-30T11:20:52,usr_047,ses_c82f78fd,conv_905881df,response_received,,,0,1689,
2026-01-30T11:21:11,usr_047,ses_c82f78fd,conv_905881df,prompt_submitted,,,,,
2026-01-30T11:21:28,usr_047,ses_c82f78fd,conv_905881df,response_received,,,2,1877,
2026-01-30T11:21:58,usr_047,ses_c82f78fd,conv_905881df,prompt_submitted,,,,,
2026-01-30T11:22:05,usr_047,ses_c82f78fd,conv_905881df,response_received,,,3,717,
2026-01-30T11:22:48,usr_047,ses_c82f78fd,conv_905881df,feedback_given,,,,,thumbs_up
2026-01-30T11:51:24,usr_047,ses_c82f78fd,,session_end,,,,,
2026-01-30T14:24:05,usr_049,ses_72d35458,,session_start,,,,,
2026-01-30T14:24:10,usr_049,ses_72d35458,conv_1e5ebe54,conversation_created,,,,,
2026-01-30T14:24:14,usr_049,ses_72d35458,conv_1e5ebe54,prompt_submitted,,,,,
2026-01-30T14:24:33,usr_049,ses_72d35458,conv_1e5ebe54,response_received,,,0,656,
2026-01-30T14:24:38,usr_049,ses_72d35458,conv_1e5ebe54,prompt_submitted,,,,,
2026-01-30T14:24:55,usr_049,ses_72d35458,conv_1e5ebe54,response_received,,,4,1289,
2026-01-30T14:27:44,usr_014,ses_8044beb2,,session_start,,,,,
2026-01-30T14:27:48,usr_014,ses_8044beb2,conv_9db54283,conversation_created,,,,,
2026-01-30T14:27:52,usr_014,ses_8044beb2,conv_9db54283,document_uploaded,6e85497a9114,Headlease - 100 Bishopsgate.pdf,,,
2026-01-30T14:28:07,usr_014,ses_8044beb2,conv_9db54283,prompt_submitted,,,,,
2026-01-30T14:28:27,usr_014,ses_8044beb2,conv_9db54283,response_received,,,2,835,
2026-01-30T14:29:06,usr_014,ses_8044beb2,conv_9db54283,feedback_given,,,,,thumbs_down
2026-01-30T14:29:08,usr_014,ses_8044beb2,conv_9db54283,prompt_submitted,,,,,
2026-01-30T14:29:13,usr_014,ses_8044beb2,conv_9db54283,response_received,,,2,1128,
2026-01-30T14:42:05,usr_049,ses_72d35458,,session_end,,,,,
2026-01-30T14:49:44,usr_014,ses_8044beb2,,session_end,,,,,
2026-01-30T15:55:34,usr_027,ses_a075e927,,session_start,,,,,
2026-01-30T15:55:35,usr_027,ses_a075e927,conv_4991ab9b,conversation_created,,,,,
2026-01-30T15:55:40,usr_027,ses_a075e927,conv_4991ab9b,prompt_submitted,,,,,
2026-01-30T15:55:46,usr_027,ses_a075e927,conv_4991ab9b,response_received,,,2,1108,
2026-01-30T15:55:56,usr_027,ses_a075e927,conv_4991ab9b,prompt_submitted,,,,,
2026-01-30T15:56:00,usr_027,ses_a075e927,conv_4991ab9b,response_received,,,2,800,
2026-01-30T15:56:16,usr_027,ses_a075e927,conv_4991ab9b,prompt_submitted,,,,,
2026-01-30T15:56:26,usr_027,ses_a075e927,conv_4991ab9b,response_received,,,3,548,
2026-01-30T15:57:00,usr_027,ses_a075e927,conv_4991ab9b,feedback_given,,,,,thumbs_down
2026-01-30T15:57:05,usr_027,ses_a075e927,conv_4991ab9b,prompt_submitted,,,,,
2026-01-30T15:57:12,usr_027,ses_a075e927,conv_4991ab9b,response_received,,,4,1141,
2026-01-30T15:57:25,usr_027,ses_a075e927,conv_4991ab9b,prompt_submitted,,,,,
2026-01-30T15:57:37,usr_027,ses_a075e927,conv_4991ab9b,response_received,,,3,351,
2026-01-30T16:35:34,usr_027,ses_a075e927,,session_end,,,,,
2026-01-30T16:51:42,usr_034,ses_78883058,,session_start,,,,,
2026-01-30T16:51:44,usr_034,ses_78883058,conv_df85c777,conversation_created,,,,,
2026-01-30T16:51:47,usr_034,ses_78883058,conv_df85c777,prompt_submitted,,,,,
2026-01-30T16:51:52,usr_034,ses_78883058,conv_df85c777,response_received,,,1,326,
2026-01-30T16:52:14,usr_034,ses_78883058,conv_df85c777,prompt_submitted,,,,,
2026-01-30T16:52:34,usr_034,ses_78883058,conv_df85c777,response_received,,,0,871,
2026-01-30T17:07:42,usr_034,ses_78883058,,session_end,,,,,
2026-01-30T17:16:20,usr_038,ses_25db5946,,session_start,,,,,
2026-01-30T17:16:21,usr_038,ses_25db5946,conv_8d536c75,conversation_created,,,,,
2026-01-30T17:16:28,usr_038,ses_25db5946,conv_8d536c75,prompt_submitted,,,,,
2026-01-30T17:16:31,usr_038,ses_25db5946,conv_8d536c75,response_received,,,5,430,
2026-01-30T17:17:12,usr_038,ses_25db5946,conv_8d536c75,feedback_given,,,,,thumbs_up
2026-01-30T17:17:15,usr_038,ses_25db5946,conv_8d536c75,prompt_submitted,,,,,
2026-01-30T17:17:21,usr_038,ses_25db5946,conv_8d536c75,response_received,,,4,1997,
2026-01-30T17:18:02,usr_038,ses_25db5946,conv_8d536c75,feedback_given,,,,,thumbs_up
2026-01-30T17:21:20,usr_038,ses_25db5946,,session_end,,,,,
2026-01-30T18:53:55,usr_046,ses_3a9aca5e,,session_start,,,,,
2026-01-30T18:54:00,usr_046,ses_3a9aca5e,conv_d248a9a7,conversation_created,,,,,
2026-01-30T18:54:06,usr_046,ses_3a9aca5e,conv_7872bdeb,conversation_created,,,,,
2026-01-30T18:54:16,usr_046,ses_3a9aca5e,conv_7872bdeb,prompt_submitted,,,,,
2026-01-30T18:54:24,usr_046,ses_3a9aca5e,conv_7872bdeb,response_received,,,5,1500,
2026-01-30T18:54:44,usr_046,ses_3a9aca5e,conv_7872bdeb,prompt_submitted,,,,,
2026-01-30T18:54:58,usr_046,ses_3a9aca5e,conv_7872bdeb,response_received,,,4,1572,
2026-01-30T18:55:06,usr_046,ses_3a9aca5e,conv_7872bdeb,prompt_submitted,,,,,
2026-01-30T18:55:22,usr_046,ses_3a9aca5e,conv_7872bdeb,response_received,,,4,1556,
2026-01-30T18:55:39,usr_046,ses_3a9aca5e,conv_d248a9a7,prompt_submitted,,,,,
2026-01-30T18:55:56,usr_046,ses_3a9aca5e,conv_d248a9a7,response_received,,,0,716,
2026-01-30T18:56:32,usr_046,ses_3a9aca5e,conv_d248a9a7,feedback_given,,,,,thumbs_down
2026-01-30T18:56:34,usr_046,ses_3a9aca5e,conv_7872bdeb,prompt_submitted,,,,,
2026-01-30T18:56:50,usr_046,ses_3a9aca5e,conv_7872bdeb,response_received,,,0,1261,
2026-01-30T19:27:55,usr_046,ses_3a9aca5e,,session_end,,,,,
2026-01-31T08:02:34,usr_018,ses_62210670,,session_start,,,,,
2026-01-31T08:02:36,usr_018,ses_62210670,conv_527c8f50,conversation_created,,,,,
2026-01-31T08:02:46,usr_018,ses_62210670,conv_527c8f50,document_uploaded,6be209e6b639,Side Letter - Break Option Waiver.pdf,,,
2026-01-31T08:02:49,usr_018,ses_62210670,conv_527c8f50,prompt_submitted,,,,,
2026-01-31T08:02:59,usr_018,ses_62210670,conv_527c8f50,response_received,,,2,839,
2026-01-31T08:03:22,usr_018,ses_62210670,conv_527c8f50,feedback_given,,,,,thumbs_up
2026-01-31T08:03:26,usr_018,ses_62210670,conv_527c8f50,prompt_submitted,,,,,
2026-01-31T08:03:30,usr_018,ses_62210670,conv_527c8f50,response_received,,,2,1133,
2026-01-31T08:38:34,usr_018,ses_62210670,,session_end,,,,,
2026-01-31T14:28:35,usr_043,ses_2ff8e87e,,session_start,,,,,
2026-01-31T14:28:40,usr_043,ses_2ff8e87e,conv_5a9a206a,conversation_created,,,,,
2026-01-31T14:28:50,usr_043,ses_2ff8e87e,conv_5a9a206a,document_uploaded,cdfb81614dfb,Superior Lease - Thames Court.pdf,,,
2026-01-31T14:29:05,usr_043,ses_2ff8e87e,conv_5a9a206a,prompt_submitted,,,,,
2026-01-31T14:29:20,usr_043,ses_2ff8e87e,conv_5a9a206a,response_received,,,0,1047,
2026-01-31T14:29:37,usr_043,ses_2ff8e87e,conv_5a9a206a,prompt_submitted,,,,,
2026-01-31T14:29:56,usr_043,ses_2ff8e87e,conv_5a9a206a,response_received,,,4,547,
2026-01-31T14:30:05,usr_043,ses_2ff8e87e,conv_5a9a206a,prompt_submitted,,,,,
2026-01-31T14:30:23,usr_043,ses_2ff8e87e,conv_5a9a206a,response_received,,,0,542,
2026-01-31T14:50:35,usr_043,ses_2ff8e87e,,session_end,,,,,
2026-01-31T15:31:10,usr_033,ses_b5cbe3f5,,session_start,,,,,
2026-01-31T15:31:11,usr_033,ses_b5cbe3f5,conv_38749f3c,conversation_created,,,,,
2026-01-31T15:31:17,usr_033,ses_b5cbe3f5,conv_38749f3c,document_uploaded,fec388769083,Rent Review Memorandum - Unit 4B.pdf,,,
2026-01-31T15:31:28,usr_033,ses_b5cbe3f5,conv_38749f3c,prompt_submitted,,,,,
2026-01-31T15:31:36,usr_033,ses_b5cbe3f5,conv_38749f3c,response_received,,,5,1325,
2026-01-31T15:32:26,usr_033,ses_b5cbe3f5,conv_38749f3c,feedback_given,,,,,thumbs_up
2026-01-31T15:32:36,usr_033,ses_b5cbe3f5,conv_38749f3c,prompt_submitted,,,,,
2026-01-31T15:32:56,usr_033,ses_b5cbe3f5,conv_38749f3c,response_received,,,2,1756,
2026-01-31T15:33:42,usr_033,ses_b5cbe3f5,conv_38749f3c,feedback_given,,,,,thumbs_up
2026-01-31T15:33:45,usr_033,ses_b5cbe3f5,conv_38749f3c,prompt_submitted,,,,,
2026-01-31T15:33:57,usr_033,ses_b5cbe3f5,conv_38749f3c,response_received,,,2,1121,
2026-01-31T15:34:29,usr_033,ses_b5cbe3f5,conv_38749f3c,feedback_given,,,,,thumbs_down
2026-01-31T15:34:32,usr_033,ses_b5cbe3f5,conv_38749f3c,prompt_submitted,,,,,
2026-01-31T15:34:41,usr_033,ses_b5cbe3f5,conv_38749f3c,response_received,,,4,1963,
2026-01-31T16:01:10,usr_033,ses_b5cbe3f5,,session_end,,,,,
2026-01-31T16:07:55,usr_016,ses_31cd9f6e,,session_start,,,,,
2026-01-31T16:07:59,usr_016,ses_31cd9f6e,conv_deeff82a,conversation_created,,,,,
2026-01-31T16:08:03,usr_016,ses_31cd9f6e,conv_deeff82a,document_uploaded,fec388769083,Rent Review Memorandum - Unit 4B.pdf,,,
2026-01-31T16:08:11,usr_016,ses_31cd9f6e,conv_deeff82a,prompt_submitted,,,,,
2026-01-31T16:08:28,usr_016,ses_31cd9f6e,conv_deeff82a,response_received,,,0,1966,
2026-01-31T16:09:10,usr_016,ses_31cd9f6e,conv_deeff82a,feedback_given,,,,,thumbs_up
2026-01-31T16:09:14,usr_016,ses_31cd9f6e,conv_deeff82a,prompt_submitted,,,,,
2026-01-31T16:09:18,usr_016,ses_31cd9f6e,conv_deeff82a,response_received,,,0,760,
2026-01-31T16:09:29,usr_016,ses_31cd9f6e,conv_deeff82a,prompt_submitted,,,,,
2026-01-31T16:09:37,usr_016,ses_31cd9f6e,conv_deeff82a,response_received,,,1,465,
2026-01-31T16:37:55,usr_016,ses_31cd9f6e,,session_end,,,,,
2026-01-31T18:06:30,usr_009,ses_4c68eb17,,session_start,,,,,
2026-01-31T18:06:31,usr_009,ses_4c68eb17,conv_533c2ed5,conversation_created,,,,,
2026-01-31T18:06:37,usr_009,ses_4c68eb17,conv_533c2ed5,document_uploaded,9fb8797e8161,Title Insurance Policy - Bristol Harbourside.pdf,,,
2026-01-31T18:06:50,usr_009,ses_4c68eb17,conv_533c2ed5,prompt_submitted,,,,,
2026-01-31T18:06:59,usr_009,ses_4c68eb17,conv_533c2ed5,response_received,,,0,1767,
2026-01-31T18:07:11,usr_009,ses_4c68eb17,conv_533c2ed5,prompt_submitted,,,,,
2026-01-31T18:07:24,usr_009,ses_4c68eb17,conv_533c2ed5,response_received,,,1,1542,
2026-01-31T18:25:30,usr_009,ses_4c68eb17,,session_end,,,,,
2026-02-01T08:58:23,usr_007,ses_74d9d1f5,,session_start,,,,,
2026-02-01T08:58:25,usr_007,ses_74d9d1f5,conv_814ff657,conversation_created,,,,,
2026-02-01T08:58:33,usr_007,ses_74d9d1f5,conv_814ff657,prompt_submitted,,,,,
2026-02-01T08:58:36,usr_007,ses_74d9d1f5,conv_814ff657,response_received,,,4,1416,
2026-02-01T08:59:18,usr_007,ses_74d9d1f5,conv_814ff657,feedback_given,,,,,thumbs_down
2026-02-01T08:59:28,usr_007,ses_74d9d1f5,conv_814ff657,prompt_submitted,,,,,
2026-02-01T08:59:42,usr_007,ses_74d9d1f5,conv_814ff657,response_received,,,3,1733,
2026-02-01T09:00:15,usr_007,ses_74d9d1f5,conv_814ff657,feedback_given,,,,,thumbs_up
2026-02-01T09:37:23,usr_007,ses_74d9d1f5,,session_end,,,,,
2026-02-01T10:07:00,usr_014,ses_bd9bc648,,session_start,,,,,
2026-02-01T10:07:02,usr_014,ses_bd9bc648,conv_f3f8dea4,conversation_created,,,,,
2026-02-01T10:07:09,usr_014,ses_bd9bc648,conv_f3f8dea4,document_uploaded,9fb8797e8161,Title Insurance Policy - Bristol Harbourside.pdf,,,
2026-02-01T10:07:16,usr_014,ses_bd9bc648,conv_f3f8dea4,prompt_submitted,,,,,
2026-02-01T10:07:30,usr_014,ses_bd9bc648,conv_f3f8dea4,response_received,,,4,1701,
2026-02-01T10:07:38,usr_014,ses_bd9bc648,conv_f3f8dea4,prompt_submitted,,,,,
2026-02-01T10:07:51,usr_014,ses_bd9bc648,conv_f3f8dea4,response_received,,,4,1272,
2026-02-01T10:08:23,usr_014,ses_bd9bc648,conv_f3f8dea4,feedback_given,,,,,thumbs_down
2026-02-01T10:08:26,usr_014,ses_bd9bc648,conv_f3f8dea4,prompt_submitted,,,,,
2026-02-01T10:08:43,usr_014,ses_bd9bc648,conv_f3f8dea4,response_received,,,2,1223,
2026-02-01T10:09:35,usr_014,ses_bd9bc648,conv_f3f8dea4,feedback_given,,,,,thumbs_up
2026-02-01T10:09:38,usr_014,ses_bd9bc648,conv_f3f8dea4,prompt_submitted,,,,,
2026-02-01T10:09:48,usr_014,ses_bd9bc648,conv_f3f8dea4,response_received,,,2,290,
2026-02-01T10:10:10,usr_014,ses_bd9bc648,conv_f3f8dea4,feedback_given,,,,,thumbs_up
2026-02-01T10:21:00,usr_014,ses_bd9bc648,,session_end,,,,,
2026-02-01T10:52:20,usr_011,ses_dd84cacc,,session_start,,,,,
2026-02-01T10:52:25,usr_011,ses_dd84cacc,conv_7f8e5483,conversation_created,,,,,
2026-02-01T10:52:26,usr_011,ses_dd84cacc,conv_7f8e5483,document_uploaded,0184909dd244,Title Report - Lot 7 Victoria Park.pdf,,,
2026-02-01T10:52:35,usr_011,ses_dd84cacc,conv_7f8e5483,document_uploaded,569f46648643,Property Certificate - Leeds Civic Quarter.pdf,,,
2026-02-01T10:52:38,usr_011,ses_dd84cacc,conv_7f8e5483,prompt_submitted,,,,,
2026-02-01T10:52:53,usr_011,ses_dd84cacc,conv_7f8e5483,response_received,,,2,640,
2026-02-01T10:53:16,usr_011,ses_dd84cacc,conv_7f8e5483,prompt_submitted,,,,,
2026-02-01T10:53:28,usr_011,ses_dd84cacc,conv_7f8e5483,response_received,,,4,785,
2026-02-01T10:53:59,usr_011,ses_dd84cacc,conv_7f8e5483,feedback_given,,,,,thumbs_up
2026-02-01T10:54:05,usr_011,ses_dd84cacc,conv_7f8e5483,prompt_submitted,,,,,
2026-02-01T10:54:20,usr_011,ses_dd84cacc,conv_7f8e5483,response_received,,,4,304,
2026-02-01T11:18:20,usr_011,ses_dd84cacc,,session_end,,,,,
2026-02-01T11:59:56,usr_049,ses_4690fb15,,session_start,,,,,
2026-02-01T11:59:57,usr_049,ses_4690fb15,conv_9d6b9b62,conversation_created,,,,,
2026-02-01T11:59:59,usr_049,ses_4690fb15,conv_9d6b9b62,document_uploaded,0184909dd244,Title Report - Lot 7 Victoria Park.pdf,,,
2026-02-01T12:00:03,usr_049,ses_4690fb15,conv_9d6b9b62,prompt_submitted,,,,,
2026-02-01T12:00:20,usr_049,ses_4690fb15,conv_9d6b9b62,response_received,,,1,701,
2026-02-01T12:01:10,usr_049,ses_4690fb15,conv_9d6b9b62,feedback_given,,,,,thumbs_up
2026-02-01T12:01:15,usr_049,ses_4690fb15,conv_9d6b9b62,prompt_submitted,,,,,
2026-02-01T12:01:22,usr_049,ses_4690fb15,conv_9d6b9b62,response_received,,,3,679,
2026-02-01T12:06:13,usr_050,ses_bcf2fc3b,,session_start,,,,,
2026-02-01T12:06:18,usr_050,ses_bcf2fc3b,conv_0f554896,conversation_created,,,,,
2026-02-01T12:06:22,usr_050,ses_bcf2fc3b,conv_0f554896,prompt_submitted,,,,,
2026-02-01T12:06:26,usr_050,ses_bcf2fc3b,conv_0f554896,response_received,,,5,1635,
2026-02-01T12:06:42,usr_050,ses_bcf2fc3b,conv_0f554896,prompt_submitted,,,,,
2026-02-01T12:06:48,usr_050,ses_bcf2fc3b,conv_0f554896,response_received,,,5,353,
2026-02-01T12:13:21,usr_031,ses_3e2bf9c9,,session_start,,,,,
2026-02-01T12:13:22,usr_031,ses_3e2bf9c9,conv_891f6912,conversation_created,,,,,
2026-02-01T12:13:27,usr_031,ses_3e2bf9c9,conv_891f6912,document_uploaded,0ac21b4b8344,Dilapidations Report - Reading Business Park.pdf,,,
2026-02-01T12:13:40,usr_031,ses_3e2bf9c9,conv_891f6912,prompt_submitted,,,,,
2026-02-01T12:13:45,usr_031,ses_3e2bf9c9,conv_891f6912,response_received,,,2,1181,
2026-02-01T12:13:56,usr_031,ses_3e2bf9c9,conv_891f6912,prompt_submitted,,,,,
2026-02-01T12:14:08,usr_031,ses_3e2bf9c9,conv_891f6912,response_received,,,1,633,
2026-02-01T12:14:19,usr_031,ses_3e2bf9c9,conv_891f6912,prompt_submitted,,,,,
2026-02-01T12:14:37,usr_031,ses_3e2bf9c9,conv_891f6912,response_received,,,2,1012,
2026-02-01T12:34:21,usr_031,ses_3e2bf9c9,,session_end,,,,,
2026-02-01T12:36:13,usr_050,ses_bcf2fc3b,,session_end,,,,,
2026-02-01T12:38:56,usr_049,ses_4690fb15,,session_end,,,,,
2026-02-01T15:49:52,usr_035,ses_f96671a5,,session_start,,,,,
2026-02-01T15:49:55,usr_035,ses_f96671a5,conv_a543148e,conversation_created,,,,,
2026-02-01T15:49:58,usr_035,ses_f96671a5,conv_a543148e,document_uploaded,fec388769083,Rent Review Memorandum - Unit 4B.pdf,,,
2026-02-01T15:50:07,usr_035,ses_f96671a5,conv_a543148e,prompt_submitted,,,,,
2026-02-01T15:50:26,usr_035,ses_f96671a5,conv_a543148e,response_received,,,1,1255,
2026-02-01T15:51:17,usr_035,ses_f96671a5,conv_a543148e,feedback_given,,,,,thumbs_up
2026-02-01T15:51:25,usr_035,ses_f96671a5,conv_a543148e,prompt_submitted,,,,,
2026-02-01T15:51:44,usr_035,ses_f96671a5,conv_a543148e,response_received,,,1,555,
2026-02-01T16:04:52,usr_035,ses_f96671a5,,session_end,,,,,
2026-02-01T16:28:51,usr_034,ses_1747f387,,session_start,,,,,
2026-02-01T16:28:52,usr_034,ses_1747f387,conv_74f0beae,conversation_created,,,,,
2026-02-01T16:28:54,usr_034,ses_1747f387,conv_74f0beae,prompt_submitted,,,,,
2026-02-01T16:28:57,usr_034,ses_1747f387,conv_74f0beae,response_received,,,1,1727,
2026-02-01T16:29:08,usr_034,ses_1747f387,conv_74f0beae,prompt_submitted,,,,,
2026-02-01T16:29:24,usr_034,ses_1747f387,conv_74f0beae,response_received,,,1,1308,
2026-02-01T16:29:30,usr_034,ses_1747f387,conv_74f0beae,prompt_submitted,,,,,
2026-02-01T16:29:48,usr_034,ses_1747f387,conv_74f0beae,response_received,,,0,1037,
2026-02-01T17:12:51,usr_034,ses_1747f387,,session_end,,,,,
2026-02-02T08:38:59,usr_030,ses_8e867f3c,,session_start,,,,,
2026-02-02T08:39:02,usr_030,ses_8e867f3c,conv_ebe9e207,conversation_created,,,,,
2026-02-02T08:39:09,usr_030,ses_8e867f3c,conv_ebe9e207,prompt_submitted,,,,,
2026-02-02T08:39:16,usr_030,ses_8e867f3c,conv_ebe9e207,response_received,,,5,342,
2026-02-02T08:39:25,usr_030,ses_8e867f3c,conv_ebe9e207,prompt_submitted,,,,,
2026-02-02T08:39:30,usr_030,ses_8e867f3c,conv_ebe9e207,response_received,,,3,970,
2026-02-02T08:39:48,usr_030,ses_8e867f3c,conv_ebe9e207,prompt_submitted,,,,,
2026-02-02T08:40:02,usr_030,ses_8e867f3c,conv_ebe9e207,response_received,,,4,1790,
2026-02-02T08:44:59,usr_030,ses_8e867f3c,,session_end,,,,,
2026-02-02T16:08:39,usr_040,ses_cdbcc653,,session_start,,,,,
2026-02-02T16:08:40,usr_040,ses_cdbcc653,conv_b788f5d1,conversation_created,,,,,
2026-02-02T16:08:49,usr_040,ses_cdbcc653,conv_b788f5d1,document_uploaded,0bde5e6f6d74,Deed of Variation - Liverpool Docks.pdf,,,
2026-02-02T16:09:01,usr_040,ses_cdbcc653,conv_b788f5d1,prompt_submitted,,,,,
2026-02-02T16:09:08,usr_040,ses_cdbcc653,conv_b788f5d1,response_received,,,1,1121,
2026-02-02T16:09:27,usr_040,ses_cdbcc653,conv_b788f5d1,prompt_submitted,,,,,
2026-02-02T16:09:34,usr_040,ses_cdbcc653,conv_b788f5d1,response_received,,,2,1772,
2026-02-02T16:14:39,usr_040,ses_cdbcc653,,session_end,,,,,
2026-02-02T16:49:08,usr_026,ses_c2b6d2c5,,session_start,,,,,
2026-02-02T16:49:10,usr_026,ses_c2b6d2c5,conv_8715a103,conversation_created,,,,,
2026-02-02T16:49:18,usr_026,ses_c2b6d2c5,conv_8715a103,prompt_submitted,,,,,
2026-02-02T16:49:30,usr_026,ses_c2b6d2c5,conv_8715a103,response_received,,,4,1097,
2026-02-02T16:49:51,usr_026,ses_c2b6d2c5,conv_8715a103,prompt_submitted,,,,,
2026-02-02T16:50:01,usr_026,ses_c2b6d2c5,conv_8715a103,response_received,,,0,243,
2026-02-02T16:50:24,usr_026,ses_c2b6d2c5,conv_8715a103,prompt_submitted,,,,,
2026-02-02T16:50:27,usr_026,ses_c2b6d2c5,conv_8715a103,response_received,,,0,1492,
2026-02-02T16:50:48,usr_026,ses_c2b6d2c5,conv_8715a103,feedback_given,,,,,thumbs_down
2026-02-02T16:50:51,usr_026,ses_c2b6d2c5,conv_8715a103,prompt_submitted,,,,,
2026-02-02T16:51:02,usr_026,ses_c2b6d2c5,conv_8715a103,response_received,,,3,1304,
2026-02-02T16:51:11,usr_026,ses_c2b6d2c5,conv_8715a103,prompt_submitted,,,,,
2026-02-02T16:51:21,usr_026,ses_c2b6d2c5,conv_8715a103,response_received,,,5,589,
2026-02-02T16:51:47,usr_026,ses_c2b6d2c5,conv_8715a103,feedback_given,,,,,thumbs_up
2026-02-02T17:21:08,usr_026,ses_c2b6d2c5,,session_end,,,,,
2026-02-03T12:29:54,usr_027,ses_6c9f82b9,,session_start,,,,,
2026-02-03T12:29:57,usr_027,ses_6c9f82b9,conv_3cb98350,conversation_created,,,,,
2026-02-03T12:30:05,usr_027,ses_6c9f82b9,conv_3cb98350,document_uploaded,9fb8797e8161,Title Insurance Policy - Bristol Harbourside.pdf,,,
2026-02-03T12:30:12,usr_027,ses_6c9f82b9,conv_a881bfd3,conversation_created,,,,,
2026-02-03T12:30:13,usr_027,ses_6c9f82b9,conv_a881bfd3,document_uploaded,0184909dd244,Title Report - Lot 7 Victoria Park.pdf,,,
2026-02-03T12:30:20,usr_027,ses_6c9f82b9,conv_a881bfd3,document_uploaded,6be209e6b639,Side Letter - Break Option Waiver.pdf,,,
2026-02-03T12:30:35,usr_027,ses_6c9f82b9,conv_3cb98350,prompt_submitted,,,,,
2026-02-03T12:30:53,usr_027,ses_6c9f82b9,conv_3cb98350,response_received,,,4,1788,
2026-02-03T12:31:35,usr_027,ses_6c9f82b9,conv_3cb98350,feedback_given,,,,,thumbs_up
2026-02-03T12:31:40,usr_027,ses_6c9f82b9,conv_a881bfd3,prompt_submitted,,,,,
2026-02-03T12:31:47,usr_027,ses_6c9f82b9,conv_a881bfd3,response_received,,,2,832,
2026-02-03T12:32:17,usr_027,ses_6c9f82b9,conv_a881bfd3,prompt_submitted,,,,,
2026-02-03T12:32:24,usr_027,ses_6c9f82b9,conv_a881bfd3,response_received,,,0,804,
2026-02-03T12:43:54,usr_027,ses_6c9f82b9,,session_end,,,,,
2026-02-03T13:10:08,usr_029,ses_cb8383f2,,session_start,,,,,
2026-02-03T13:10:13,usr_029,ses_cb8383f2,conv_8ac97b01,conversation_created,,,,,
2026-02-03T13:10:15,usr_029,ses_cb8383f2,conv_8ac97b01,prompt_submitted,,,,,
2026-02-03T13:10:19,usr_029,ses_cb8383f2,conv_8ac97b01,response_received,,,2,481,
2026-02-03T13:10:49,usr_029,ses_cb8383f2,conv_8ac97b01,feedback_given,,,,,thumbs_up
2026-02-03T13:10:54,usr_029,ses_cb8383f2,conv_8ac97b01,prompt_submitted,,,,,
2026-02-03T13:11:08,usr_029,ses_cb8383f2,conv_8ac97b01,response_received,,,0,1506,
2026-02-03T13:11:34,usr_029,ses_cb8383f2,conv_8ac97b01,prompt_submitted,,,,,
2026-02-03T13:11:52,usr_029,ses_cb8383f2,conv_8ac97b01,response_received,,,0,1289,
2026-02-03T13:14:08,usr_029,ses_cb8383f2,,session_end,,,,,
2026-02-03T14:34:32,usr_047,ses_950df1a0,,session_start,,,,,
2026-02-03T14:34:36,usr_047,ses_950df1a0,conv_5c0a1feb,conversation_created,,,,,
2026-02-03T14:34:46,usr_047,ses_950df1a0,conv_5c0a1feb,prompt_submitted,,,,,
2026-02-03T14:34:52,usr_047,ses_950df1a0,conv_5c0a1feb,response_received,,,4,540,
2026-02-03T14:35:17,usr_047,ses_950df1a0,conv_5c0a1feb,prompt_submitted,,,,,
2026-02-03T14:35:30,usr_047,ses_950df1a0,conv_5c0a1feb,response_received,,,5,416,
2026-02-03T14:36:03,usr_047,ses_950df1a0,conv_5c0a1feb,feedback_given,,,,,thumbs_up
2026-02-03T14:36:13,usr_047,ses_950df1a0,conv_5c0a1feb,prompt_submitted,,,,,
2026-02-03T14:36:30,usr_047,ses_950df1a0,conv_5c0a1feb,response_received,,,5,1781,
2026-02-03T14:36:56,usr_047,ses_950df1a0,conv_5c0a1feb,prompt_submitted,,,,,
2026-02-03T14:37:10,usr_047,ses_950df1a0,conv_5c0a1feb,response_received,,,5,414,
2026-02-03T14:37:32,usr_047,ses_950df1a0,conv_5c0a1feb,feedback_given,,,,,thumbs_down
2026-02-03T14:59:32,usr_047,ses_950df1a0,,session_end,,,,,
2026-02-03T16:42:45,usr_024,ses_bb026576,,session_start,,,,,
2026-02-03T16:42:49,usr_024,ses_bb026576,conv_944528c0,conversation_created,,,,,
2026-02-03T16:42:59,usr_024,ses_bb026576,conv_944528c0,document_uploaded,6e85497a9114,Headlease - 100 Bishopsgate.pdf,,,
2026-02-03T16:43:11,usr_024,ses_bb026576,conv_944528c0,prompt_submitted,,,,,
2026-02-03T16:43:30,usr_024,ses_bb026576,conv_944528c0,response_received,,,3,316,
2026-02-03T16:44:15,usr_024,ses_bb026576,conv_944528c0,feedback_given,,,,,thumbs_up
2026-02-03T16:44:18,usr_024,ses_bb026576,conv_944528c0,prompt_submitted,,,,,
2026-02-03T16:44:33,usr_024,ses_bb026576,conv_944528c0,response_received,,,3,1385,
2026-02-03T16:45:23,usr_024,ses_bb026576,conv_944528c0,feedback_given,,,,,thumbs_up
2026-02-03T16:45:33,usr_024,ses_bb026576,conv_944528c0,prompt_submitted,,,,,
2026-02-03T16:45:44,usr_024,ses_bb026576,conv_944528c0,response_received,,,4,688,
2026-02-03T17:27:45,usr_024,ses_bb026576,,session_end,,,,,
2026-02-03T17:48:33,usr_005,ses_46c8adfe,,session_start,,,,,
2026-02-03T17:48:38,usr_005,ses_46c8adfe,conv_3a3c563e,conversation_created,,,,,
2026-02-03T17:48:45,usr_005,ses_46c8adfe,conv_3a3c563e,document_uploaded,6e85497a9114,Headlease - 100 Bishopsgate.pdf,,,
2026-02-03T17:48:52,usr_005,ses_46c8adfe,conv_8da8eee4,conversation_created,,,,,
2026-02-03T17:48:58,usr_005,ses_46c8adfe,conv_3a3c563e,prompt_submitted,,,,,
2026-02-03T17:49:16,usr_005,ses_46c8adfe,conv_3a3c563e,response_received,,,2,1375,
2026-02-03T17:49:30,usr_005,ses_46c8adfe,conv_8da8eee4,prompt_submitted,,,,,
2026-02-03T17:49:43,usr_005,ses_46c8adfe,conv_8da8eee4,response_received,,,2,717,
2026-02-03T17:50:23,usr_005,ses_46c8adfe,conv_8da8eee4,feedback_given,,,,,thumbs_up
2026-02-03T17:50:26,usr_005,ses_46c8adfe,conv_3a3c563e,prompt_submitted,,,,,
2026-02-03T17:50:33,usr_005,ses_46c8adfe,conv_3a3c563e,response_received,,,4,374,
2026-02-03T17:51:09,usr_005,ses_46c8adfe,conv_3a3c563e,feedback_given,,,,,thumbs_up
2026-02-03T17:51:14,usr_005,ses_46c8adfe,conv_8da8eee4,prompt_submitted,,,,,
2026-02-03T17:51:31,usr_005,ses_46c8adfe,conv_8da8eee4,response_received,,,4,1961,
2026-02-03T18:10:33,usr_005,ses_46c8adfe,,session_end,,,,,
2026-02-04T08:47:34,usr_012,ses_78660765,,session_start,,,,,
2026-02-04T08:47:35,usr_012,ses_78660765,conv_a6d964a3,conversation_created,,,,,
2026-02-04T08:47:37,usr_012,ses_78660765,conv_a6d964a3,prompt_submitted,,,,,
2026-02-04T08:47:46,usr_012,ses_78660765,conv_a6d964a3,response_received,,,3,688,
2026-02-04T08:47:55,usr_012,ses_78660765,conv_a6d964a3,prompt_submitted,,,,,
2026-02-04T08:48:04,usr_012,ses_78660765,conv_a6d964a3,response_received,,,4,1770,
2026-02-04T08:48:48,usr_012,ses_78660765,conv_a6d964a3,feedback_given,,,,,thumbs_up
2026-02-04T08:48:51,usr_012,ses_78660765,conv_a6d964a3,prompt_submitted,,,,,
2026-02-04T08:49:03,usr_012,ses_78660765,conv_a6d964a3,response_received,,,2,838,
2026-02-04T08:49:26,usr_012,ses_78660765,conv_a6d964a3,prompt_submitted,,,,,
2026-02-04T08:49:41,usr_012,ses_78660765,conv_a6d964a3,response_received,,,3,355,
2026-02-04T09:30:34,usr_012,ses_78660765,,session_end,,,,,
2026-02-04T10:50:36,usr_010,ses_fd235def,,session_start,,,,,
2026-02-04T10:50:38,usr_010,ses_fd235def,conv_3748967f,conversation_created,,,,,
2026-02-04T10:50:43,usr_010,ses_fd235def,conv_3748967f,document_uploaded,4570b5f5979e,Environmental Phase I - Manchester Arndale.pdf,,,
2026-02-04T10:50:58,usr_010,ses_fd235def,conv_46fb7bf3,conversation_created,,,,,
2026-02-04T10:51:02,usr_010,ses_fd235def,conv_46fb7bf3,prompt_submitted,,,,,
2026-02-04T10:51:10,usr_010,ses_fd235def,conv_46fb7bf3,response_received,,,2,469,
2026-02-04T10:51:15,usr_010,ses_fd235def,conv_3748967f,prompt_submitted,,,,,
2026-02-04T10:51:28,usr_010,ses_fd235def,conv_3748967f,response_received,,,0,743,
2026-02-04T10:51:39,usr_017,ses_532401fc,,session_start,,,,,
2026-02-04T10:51:42,usr_010,ses_fd235def,conv_3748967f,feedback_given,,,,,thumbs_down
2026-02-04T10:51:43,usr_017,ses_532401fc,conv_1b19d8b8,conversation_created,,,,,
2026-02-04T10:51:45,usr_010,ses_fd235def,conv_46fb7bf3,prompt_submitted,,,,,
2026-02-04T10:51:48,usr_017,ses_532401fc,conv_1b19d8b8,document_uploaded,0184909dd244,Title Report - Lot 7 Victoria Park.pdf,,,
2026-02-04T10:51:57,usr_017,ses_532401fc,conv_56ea57b3,conversation_created,,,,,
2026-02-04T10:52:02,usr_010,ses_fd235def,conv_46fb7bf3,response_received,,,2,1125,
2026-02-04T10:52:02,usr_017,ses_532401fc,conv_56ea57b3,document_uploaded,6e85497a9114,Headlease - 100 Bishopsgate.pdf,,,
2026-02-04T10:52:13,usr_017,ses_532401fc,conv_1b19d8b8,prompt_submitted,,,,,
2026-02-04T10:52:27,usr_017,ses_532401fc,conv_1b19d8b8,response_received,,,3,683,
2026-02-04T10:52:51,usr_010,ses_fd235def,conv_46fb7bf3,feedback_given,,,,,thumbs_up
2026-02-04T10:52:59,usr_017,ses_532401fc,conv_1b19d8b8,feedback_given,,,,,thumbs_up
2026-02-04T10:53:03,usr_017,ses_532401fc,conv_1b19d8b8,prompt_submitted,,,,,
2026-02-04T10:53:11,usr_017,ses_532401fc,conv_1b19d8b8,response_received,,,5,1150,
2026-02-04T10:53:40,usr_017,ses_532401fc,conv_56ea57b3,prompt_submitted,,,,,
2026-02-04T10:53:53,usr_017,ses_532401fc,conv_56ea57b3,response_received,,,4,509,
2026-02-04T10:54:26,usr_017,ses_532401fc,conv_56ea57b3,feedback_given,,,,,thumbs_up
2026-02-04T10:54:32,usr_017,ses_532401fc,conv_1b19d8b8,prompt_submitted,,,,,
2026-02-04T10:54:46,usr_017,ses_532401fc,conv_1b19d8b8,response_received,,,4,1145,
2026-02-04T10:55:19,usr_017,ses_532401fc,conv_1b19d8b8,feedback_given,,,,,thumbs_up
2026-02-04T10:55:22,usr_017,ses_532401fc,conv_1b19d8b8,prompt_submitted,,,,,
2026-02-04T10:55:41,usr_017,ses_532401fc,conv_1b19d8b8,response_received,,,2,1121,
2026-02-04T11:06:39,usr_017,ses_532401fc,,session_end,,,,,
2026-02-04T11:12:36,usr_010,ses_fd235def,,session_end,,,,,
2026-02-04T12:01:32,usr_021,ses_fa3c1628,,session_start,,,,,
2026-02-04T12:01:36,usr_021,ses_fa3c1628,conv_863e1f2a,conversation_created,,,,,
2026-02-04T12:01:40,usr_021,ses_fa3c1628,conv_863e1f2a,document_uploaded,cdfb81614dfb,Superior Lease - Thames Court.pdf,,,
2026-02-04T12:01:51,usr_021,ses_fa3c1628,conv_863e1f2a,prompt_submitted,,,,,
2026-02-04T12:02:05,usr_021,ses_fa3c1628,conv_863e1f2a,response_received,,,0,1012,
2026-02-04T12:02:12,usr_021,ses_fa3c1628,conv_863e1f2a,prompt_submitted,,,,,
2026-02-04T12:02:29,usr_021,ses_fa3c1628,conv_863e1f2a,response_received,,,3,662,
2026-02-04T12:09:32,usr_021,ses_fa3c1628,,session_end,,,,,
2026-02-04T15:14:34,usr_032,ses_bfa016c2,,session_start,,,,,
2026-02-04T15:14:36,usr_032,ses_bfa016c2,conv_78116802,conversation_created,,,,,
2026-02-04T15:14:41,usr_032,ses_bfa016c2,conv_78116802,document_uploaded,569f46648643,Property Certificate - Leeds Civic Quarter.pdf,,,
2026-02-04T15:14:51,usr_032,ses_bfa016c2,conv_78116802,prompt_submitted,,,,,
2026-02-04T15:15:06,usr_032,ses_bfa016c2,conv_78116802,response_received,,,4,531,
2026-02-04T15:15:17,usr_032,ses_bfa016c2,conv_78116802,prompt_submitted,,,,,
2026-02-04T15:15:28,usr_032,ses_bfa016c2,conv_78116802,response_received,,,0,1184,
2026-02-04T15:15:44,usr_032,ses_bfa016c2,conv_78116802,prompt_submitted,,,,,
2026-02-04T15:16:03,usr_032,ses_bfa016c2,conv_78116802,response_received,,,3,371,
2026-02-04T15:16:53,usr_032,ses_bfa016c2,conv_78116802,feedback_given,,,,,thumbs_up
2026-02-04T15:44:34,usr_032,ses_bfa016c2,,session_end,,,,,
2026-02-05T08:18:12,usr_013,ses_752a7d25,,session_start,,,,,
2026-02-05T08:18:13,usr_013,ses_752a7d25,conv_eef16694,conversation_created,,,,,
2026-02-05T08:18:19,usr_013,ses_752a7d25,conv_eef16694,document_uploaded,b6387c238ecd,Overage Agreement - Plot 12 Canary Wharf.pdf,,,
2026-02-05T08:18:29,usr_013,ses_752a7d25,conv_eef16694,prompt_submitted,,,,,
2026-02-05T08:18:33,usr_013,ses_752a7d25,conv_eef16694,response_received,,,2,785,
2026-02-05T08:18:49,usr_013,ses_752a7d25,conv_eef16694,prompt_submitted,,,,,
2026-02-05T08:19:02,usr_013,ses_752a7d25,conv_eef16694,response_received,,,3,1094,
2026-02-05T08:45:12,usr_013,ses_752a7d25,,session_end,,,,,
2026-02-05T09:00:29,usr_024,ses_50f0fd0a,,session_start,,,,,
2026-02-05T09:00:34,usr_024,ses_50f0fd0a,conv_8181a8cc,conversation_created,,,,,
2026-02-05T09:00:40,usr_024,ses_50f0fd0a,conv_8181a8cc,document_uploaded,6e85497a9114,Headlease - 100 Bishopsgate.pdf,,,
2026-02-05T09:00:46,usr_024,ses_50f0fd0a,conv_702cdd20,conversation_created,,,,,
2026-02-05T09:00:56,usr_024,ses_50f0fd0a,conv_8181a8cc,prompt_submitted,,,,,
2026-02-05T09:01:16,usr_024,ses_50f0fd0a,conv_8181a8cc,response_received,,,2,1998,
2026-02-05T09:01:53,usr_024,ses_50f0fd0a,conv_8181a8cc,feedback_given,,,,,thumbs_down
2026-02-05T09:02:03,usr_024,ses_50f0fd0a,conv_8181a8cc,prompt_submitted,,,,,
2026-02-05T09:02:14,usr_024,ses_50f0fd0a,conv_8181a8cc,response_received,,,3,1669,
2026-02-05T09:02:42,usr_024,ses_50f0fd0a,conv_8181a8cc,feedback_given,,,,,thumbs_up
2026-02-05T09:02:52,usr_024,ses_50f0fd0a,conv_702cdd20,prompt_submitted,,,,,
2026-02-05T09:03:03,usr_024,ses_50f0fd0a,conv_702cdd20,response_received,,,2,389,
2026-02-05T09:03:28,usr_024,ses_50f0fd0a,conv_702cdd20,prompt_submitted,,,,,
2026-02-05T09:03:32,usr_024,ses_50f0fd0a,conv_702cdd20,response_received,,,0,1779,
2026-02-05T09:03:41,usr_024,ses_50f0fd0a,conv_702cdd20,prompt_submitted,,,,,
2026-02-05T09:03:49,usr_024,ses_50f0fd0a,conv_702cdd20,response_received,,,5,1348,
2026-02-05T09:04:21,usr_024,ses_50f0fd0a,conv_702cdd20,feedback_given,,,,,thumbs_down
2026-02-05T09:37:29,usr_024,ses_50f0fd0a,,session_end,,,,,
2026-02-05T12:16:54,usr_050,ses_3c9d128a,,session_start,,,,,
2026-02-05T12:16:57,usr_050,ses_3c9d128a,conv_53853918,conversation_created,,,,,
2026-02-05T12:17:04,usr_050,ses_3c9d128a,conv_53853918,prompt_submitted,,,,,
2026-02-05T12:17:09,usr_050,ses_3c9d128a,conv_53853918,response_received,,,3,1797,
2026-02-05T12:17:38,usr_050,ses_3c9d128a,conv_53853918,prompt_submitted,,,,,
2026-02-05T12:17:44,usr_050,ses_3c9d128a,conv_53853918,response_received,,,5,843,
2026-02-05T12:18:31,usr_050,ses_3c9d128a,conv_53853918,feedback_given,,,,,thumbs_up
2026-02-05T12:18:36,usr_050,ses_3c9d128a,conv_53853918,prompt_submitted,,,,,
2026-02-05T12:18:48,usr_050,ses_3c9d128a,conv_53853918,response_received,,,2,385,
2026-02-05T12:38:54,usr_050,ses_3c9d128a,,session_end,,,,,
2026-02-05T13:19:16,usr_031,ses_a6129a1c,,session_start,,,,,
2026-02-05T13:19:19,usr_031,ses_a6129a1c,conv_fb37afae,conversation_created,,,,,
2026-02-05T13:19:28,usr_031,ses_a6129a1c,conv_fb37afae,prompt_submitted,,,,,
2026-02-05T13:19:37,usr_031,ses_a6129a1c,conv_fb37afae,response_received,,,4,293,
2026-02-05T13:20:00,usr_031,ses_a6129a1c,conv_fb37afae,prompt_submitted,,,,,
2026-02-05T13:20:03,usr_031,ses_a6129a1c,conv_fb37afae,response_received,,,4,804,
2026-02-05T13:20:35,usr_031,ses_a6129a1c,conv_fb37afae,feedback_given,,,,,thumbs_up
2026-02-05T13:20:40,usr_031,ses_a6129a1c,conv_fb37afae,prompt_submitted,,,,,
2026-02-05T13:21:00,usr_031,ses_a6129a1c,conv_fb37afae,response_received,,,3,727,
2026-02-05T14:03:16,usr_031,ses_a6129a1c,,session_end,,,,,
2026-02-05T14:43:47,usr_020,ses_aa38d0a1,,session_start,,,,,
2026-02-05T14:43:49,usr_020,ses_aa38d0a1,conv_001a9a8b,conversation_created,,,,,
2026-02-05T14:43:55,usr_020,ses_aa38d0a1,conv_001a9a8b,document_uploaded,cdfb81614dfb,Superior Lease - Thames Court.pdf,,,
2026-02-05T14:44:07,usr_020,ses_aa38d0a1,conv_001a9a8b,prompt_submitted,,,,,
2026-02-05T14:44:24,usr_020,ses_aa38d0a1,conv_001a9a8b,response_received,,,3,1246,
2026-02-05T14:44:44,usr_020,ses_aa38d0a1,conv_001a9a8b,prompt_submitted,,,,,
2026-02-05T14:44:49,usr_020,ses_aa38d0a1,conv_001a9a8b,response_received,,,4,391,
2026-02-05T14:45:48,usr_020,ses_aa38d0a1,conv_001a9a8b,feedback_given,,,,,thumbs_up
2026-02-05T14:45:53,usr_020,ses_aa38d0a1,conv_001a9a8b,prompt_submitted,,,,,
2026-02-05T14:45:56,usr_020,ses_aa38d0a1,conv_001a9a8b,response_received,,,0,1173,
2026-02-05T14:46:20,usr_020,ses_aa38d0a1,conv_001a9a8b,prompt_submitted,,,,,
2026-02-05T14:46:37,usr_020,ses_aa38d0a1,conv_001a9a8b,response_received,,,3,1671,
2026-02-05T14:47:04,usr_020,ses_aa38d0a1,conv_001a9a8b,prompt_submitted,,,,,
2026-02-05T14:47:14,usr_020,ses_aa38d0a1,conv_001a9a8b,response_received,,,2,1737,
2026-02-05T15:13:47,usr_020,ses_aa38d0a1,,session_end,,,,,
2026-02-05T16:08:20,usr_025,ses_e4a4474c,,session_start,,,,,
2026-02-05T16:08:25,usr_025,ses_e4a4474c,conv_9dd2f9de,conversation_created,,,,,
2026-02-05T16:08:31,usr_025,ses_e4a4474c,conv_9dd2f9de,document_uploaded,b6387c238ecd,Overage Agreement - Plot 12 Canary Wharf.pdf,,,
2026-02-05T16:08:42,usr_025,ses_e4a4474c,conv_9dd2f9de,prompt_submitted,,,,,
2026-02-05T16:08:54,usr_025,ses_e4a4474c,conv_9dd2f9de,response_received,,,1,954,
2026-02-05T16:09:09,usr_025,ses_e4a4474c,conv_9dd2f9de,prompt_submitted,,,,,
2026-02-05T16:09:21,usr_025,ses_e4a4474c,conv_9dd2f9de,response_received,,,1,1422,
2026-02-05T16:09:41,usr_025,ses_e4a4474c,conv_9dd2f9de,prompt_submitted,,,,,
2026-02-05T16:09:45,usr_025,ses_e4a4474c,conv_9dd2f9de,response_received,,,2,1273,
2026-02-05T16:35:20,usr_025,ses_e4a4474c,,session_end,,,,,
2026-02-06T10:03:28,usr_017,ses_80599b93,,session_start,,,,,
2026-02-06T10:03:29,usr_017,ses_80599b93,conv_2c2cd22b,conversation_created,,,,,
2026-02-06T10:03:31,usr_017,ses_80599b93,conv_2c2cd22b,document_uploaded,569f46648643,Property Certificate - Leeds Civic Quarter.pdf,,,
2026-02-06T10:03:42,usr_017,ses_80599b93,conv_5d286aa4,conversation_created,,,,,
2026-02-06T10:03:49,usr_017,ses_80599b93,conv_5d286aa4,prompt_submitted,,,,,
2026-02-06T10:04:05,usr_017,ses_80599b93,conv_5d286aa4,response_received,,,2,1816,
2026-02-06T10:04:30,usr_017,ses_80599b93,conv_2c2cd22b,prompt_submitted,,,,,
2026-02-06T10:04:43,usr_017,ses_80599b93,conv_2c2cd22b,response_received,,,0,1589,
2026-02-06T10:05:26,usr_017,ses_80599b93,conv_2c2cd22b,feedback_given,,,,,thumbs_down
2026-02-06T10:05:30,usr_017,ses_80599b93,conv_5d286aa4,prompt_submitted,,,,,
2026-02-06T10:05:35,usr_017,ses_80599b93,conv_5d286aa4,response_received,,,3,916,
2026-02-06T10:05:49,usr_017,ses_80599b93,conv_5d286aa4,prompt_submitted,,,,,
2026-02-06T10:05:56,usr_017,ses_80599b93,conv_5d286aa4,response_received,,,2,834,
2026-02-06T10:27:28,usr_017,ses_80599b93,,session_end,,,,,
2026-02-06T11:17:35,usr_046,ses_0d366dfc,,session_start,,,,,
2026-02-06T11:17:37,usr_046,ses_0d366dfc,conv_0763fcd0,conversation_created,,,,,
2026-02-06T11:17:42,usr_046,ses_0d366dfc,conv_0763fcd0,prompt_submitted,,,,,
2026-02-06T11:18:02,usr_046,ses_0d366dfc,conv_0763fcd0,response_received,,,0,1035,
2026-02-06T11:18:17,usr_046,ses_0d366dfc,conv_0763fcd0,feedback_given,,,,,thumbs_down
2026-02-06T11:18:26,usr_046,ses_0d366dfc,conv_0763fcd0,prompt_submitted,,,,,
2026-02-06T11:18:33,usr_046,ses_0d366dfc,conv_0763fcd0,response_received,,,4,1242,
2026-02-06T11:19:20,usr_046,ses_0d366dfc,conv_0763fcd0,feedback_given,,,,,thumbs_up
2026-02-06T11:19:25,usr_046,ses_0d366dfc,conv_0763fcd0,prompt_submitted,,,,,
2026-02-06T11:19:45,usr_046,ses_0d366dfc,conv_0763fcd0,response_received,,,3,1427,
2026-02-06T11:20:06,usr_046,ses_0d366dfc,conv_0763fcd0,prompt_submitted,,,,,
2026-02-06T11:20:11,usr_046,ses_0d366dfc,conv_0763fcd0,response_received,,,5,896,
2026-02-06T11:21:09,usr_046,ses_0d366dfc,,session_end,,,,,
2026-02-06T14:22:59,usr_003,ses_cc21cbdb,,session_start,,,,,
2026-02-06T14:23:01,usr_003,ses_cc21cbdb,conv_ce63cb1a,conversation_created,,,,,
2026-02-06T14:23:08,usr_003,ses_cc21cbdb,conv_ce63cb1a,prompt_submitted,,,,,
2026-02-06T14:23:22,usr_003,ses_cc21cbdb,conv_ce63cb1a,response_received,,,3,1353,
2026-02-06T14:23:33,usr_003,ses_cc21cbdb,conv_ce63cb1a,prompt_submitted,,,,,
2026-02-06T14:23:53,usr_003,ses_cc21cbdb,conv_ce63cb1a,response_received,,,5,277,
2026-02-06T14:24:05,usr_003,ses_cc21cbdb,conv_ce63cb1a,feedback_given,,,,,thumbs_up
2026-02-06T14:55:59,usr_003,ses_cc21cbdb,,session_end,,,,,
